employee_id,department,salary,tenure,engagement_score,attrition,last_promotion_date,working_hours_per_month,kpi_score,work_life_balance_score,overtime_hours,job_satisfaction,number_of_projects,distance_from_home,trainings_and_certifications,hire_date,engagement_trend
E0000,Sales,93415.29,3.0,4.55,0,2021-03-24,184.0,73.5,3,5,5,2,29,1,2020-03-03,
E0001,Product Engineering,96271.81,1.0,3.52,0,2020-06-29,159.4,38.5,4,4,4,6,18,5,2019-02-25,
E0002,Marketing and Communications,64205.54,2.59,2.39,1,2022-08-15,158.3,23.2,2,12,1,2,27,3,2016-10-26,
E0003,Customer Success,73433.21,4.8,2.46,0,2022-05-13,197.6,23.8,3,7,3,2,7,1,2022-08-31,3.486666666666667
E0004,Finance,72146.17,2.6,1.44,0,2022-03-07,170.4,20.4,4,6,4,5,36,4,2016-12-15,2.7900000000000005
E0005,Finance,82281.83,3.4,4.58,0,2021-06-20,153.4,41.9,4,4,4,4,27,2,2016-12-28,2.096666666666667
E0006,TSS,79349.16,3.0,3.9,0,2021-02-25,131.5,18.8,4,6,4,4,10,7,2022-10-30,2.8266666666666667
E0007,Product Engineering,94538.91,1.3,2.26,0,2024-12-02,167.9,24.4,4,2,3,2,10,7,2018-02-10,3.3066666666666666
E0008,Customer Success,66685.87,4.8,3.38,0,2021-01-08,176.6,39.7,5,2,3,8,11,2,2020-05-17,3.58
E0009,Marketing and Communications,76839.0,2.6,1.74,0,2023-11-14,147.4,22.1,3,3,5,5,30,2,2015-10-10,3.18
E0010,TSS,55707.0,3.9,3.14,0,2020-07-20,165.8,7.7,3,9,4,5,3,3,2016-01-24,2.46
E0011,Product Engineering,93606.92,3.15,3.07,1,2020-07-14,152.7,55.1,2,6,3,7,29,2,2020-10-19,2.753333333333334
E0012,Business Solution,81903.03,1.3299999999999998,2.4,1,2021-01-29,156.3,30.5,2,9,3,2,14,1,2016-03-27,2.6500000000000004
E0013,Finance,71815.9,2.0,3.27,0,2022-02-21,120.0,38.8,5,8,5,2,13,1,2020-04-09,2.8700000000000006
E0014,Finance,60459.34,2.2,2.28,0,2022-04-05,155.6,38.3,1,6,4,3,19,3,2021-05-19,2.9133333333333336
E0015,Finance,67256.26,5.3,4.36,0,2024-07-31,179.4,42.7,3,3,3,6,25,3,2021-08-29,2.65
E0016,PMO,68766.96,1.0499999999999998,3.16,1,2020-07-04,147.4,12.4,2,8,1,2,10,5,2022-08-11,3.3033333333333332
E0017,GRCS,63200.99,5.8,2.75,0,2025-01-20,161.1,9.3,2,3,1,6,15,3,2017-10-04,3.266666666666667
E0018,Sales,71142.54,3.0,2.46,0,2021-12-21,144.9,55.5,2,7,3,6,28,2,2019-06-09,3.423333333333334
E0019,HR,47971.19,3.1,4.3,0,2024-12-01,167.2,32.2,4,6,4,4,40,4,2024-04-26,2.7900000000000005
E0020,Customer Success,66298.77,4.4,3.46,0,2023-11-07,155.7,0.6,1,2,3,5,49,3,2022-04-17,3.1700000000000004
E0021,Datazone,65125.13,2.8,2.97,0,2022-02-26,141.2,32.4,4,1,4,4,38,2,2024-11-28,3.4066666666666667
E0022,HR,53118.28,3.36,,1,2024-02-07,186.7,10.7,1,4,4,2,7,4,2018-05-06,3.5766666666666667
E0023,Sales,88209.18,1.9,2.46,0,2022-08-25,178.6,17.4,2,5,1,2,14,3,2018-03-05,
E0024,Sales,85380.22,5.7,4.16,0,2020-05-03,147.9,28.3,2,4,2,6,30,3,2018-04-05,
E0025,Business Solution,72649.26,2.0,1.34,0,2021-08-22,170.0,18.4,3,5,3,5,40,4,2016-08-16,
E0026,Finance,77559.71,4.06,1.17,1,2023-11-17,170.7,55.2,1,10,2,2,12,2,2021-10-16,2.6533333333333338
E0027,GRCS,78282.47,2.0,2.52,0,2023-03-06,172.8,8.5,4,4,2,2,28,2,2019-05-19,2.2233333333333336
E0028,Customer Success,63021.78,2.2,2.7,0,2022-08-24,126.1,37.3,4,6,4,4,14,3,2023-10-01,1.676666666666667
E0029,TSS,48951.71,0.91,3.34,1,2021-08-09,180.1,27.0,1,5,4,3,1,2,2025-03-15,2.1300000000000003
E0030,Customer Success,76265.74,1.6,2.56,0,2022-02-10,148.6,10.7,3,4,4,3,4,4,2017-09-19,2.853333333333334
E0031,Finance,76029.9,2.6,3.49,0,2023-02-22,152.8,44.6,5,8,4,6,49,5,2019-03-26,2.866666666666667
E0032,TSS,70967.09,3.1,3.58,0,2021-02-24,200.0,31.3,4,5,4,3,18,2,2023-02-16,3.1300000000000003
E0033,Product Engineering,115749.18,4.6,3.54,0,2021-01-26,166.0,7.4,4,7,4,4,36,4,2019-08-09,3.2100000000000004
E0034,Product Engineering,85249.51,2.3,3.93,0,2023-07-07,152.3,37.5,1,2,3,4,32,2,2023-02-06,3.536666666666667
E0035,Business Solution,91331.46,0.84,2.9,1,2021-02-07,120.0,18.3,1,7,5,4,28,2,2019-08-17,3.6833333333333336
E0036,PMO,91995.84,3.3,1.66,0,2023-05-03,187.8,53.7,3,10,2,4,28,1,2015-06-11,3.456666666666667
E0037,Datazone,90534.63,2.9,2.83,0,2023-03-17,133.1,40.8,4,4,3,5,38,1,2023-03-13,2.8300000000000005
E0038,Marketing and Communications,72567.17,3.6,4.35,0,2022-07-13,139.9,30.2,2,5,3,0,32,8,2020-03-05,2.4633333333333334
E0039,Sales,71407.16,1.8,4.09,0,2020-08-25,153.4,26.9,3,3,5,3,8,8,2024-07-31,2.9466666666666668
E0040,Datazone,72906.63,1.9,2.76,0,2024-03-10,188.3,54.3,2,3,5,1,25,1,2017-12-20,3.7566666666666664
E0041,Sales,87377.0,1.8,4.06,0,2024-11-04,175.5,22.1,2,8,4,3,47,1,2016-07-15,3.733333333333333
E0042,TSS,66882.92,3.5699999999999994,1.99,1,2021-05-05,156.8,3.6,2,5,4,10,20,5,2022-10-18,3.6366666666666667
E0043,Product Engineering,70250.66,5.7,3.41,0,2023-07-03,166.2,30.0,4,7,3,3,33,2,2021-02-28,2.936666666666667
E0044,HR,60163.33,1.8,,0,2020-12-13,148.0,35.7,1,8,5,3,30,4,2025-04-12,3.1533333333333338
E0045,Customer Success,57066.96,1.9,4.1,0,2024-12-23,162.8,17.2,3,4,4,2,37,2,2020-05-15,
E0046,PMO,54051.43,3.8,3.1,0,2022-10-10,161.5,20.8,2,5,5,2,16,3,2022-07-02,
E0047,GRCS,58853.46,6.1,3.31,0,2023-05-11,179.4,27.1,3,6,3,1,25,4,2019-07-16,
E0048,GRCS,76378.18,6.8,1.74,0,2025-03-11,179.3,4.2,2,1,3,4,38,3,2023-01-20,3.503333333333334
E0049,Finance,69105.04,1.8,4.04,0,2021-12-01,169.9,48.2,2,2,4,4,42,2,2020-06-03,2.716666666666667
E0050,Product Engineering,95636.56,2.1,2.62,0,2020-11-15,152.8,27.0,3,3,2,5,10,5,2018-09-02,3.0300000000000007
E0051,Business Solution,71831.03,2.24,2.18,1,2020-09-02,174.8,62.1,2,6,5,6,5,6,2021-10-29,2.8000000000000007
E0052,Product Engineering,81613.3,3.3,3.47,0,2022-03-22,158.2,46.9,2,4,3,2,8,3,2023-07-03,2.946666666666667
E0053,Product Engineering,79371.29,1.68,3.36,1,2022-09-29,138.4,25.4,1,6,5,2,33,3,2017-02-04,2.7566666666666673
E0054,Customer Success,64546.11,1.6,2.99,0,2020-12-16,151.9,13.9,2,3,3,2,37,4,2019-04-26,3.003333333333334
E0055,Product Engineering,94775.79,2.6,,0,2022-04-06,161.7,34.3,5,5,4,2,1,3,2021-10-08,3.273333333333334
E0056,Datazone,68108.59,6.8,2.82,0,2021-02-20,178.2,45.8,3,5,3,1,31,5,2025-01-04,
E0057,Finance,78396.86,1.3299999999999998,2.83,1,2023-07-08,156.3,10.6,1,4,4,2,7,5,2021-05-22,
E0058,TSS,71198.34,3.0,3.84,0,2022-08-24,135.8,10.1,2,6,3,4,47,1,2025-01-22,
E0059,PMO,55678.26,9.3,3.69,0,2024-02-20,161.1,49.7,3,3,5,4,23,3,2020-04-25,3.1633333333333336
E0060,Sales,86466.7,1.9,,0,2023-05-21,162.3,35.0,1,4,4,3,24,4,2020-04-21,3.453333333333333
E0061,HR,69354.34,3.9,4.05,0,2021-08-31,163.7,30.7,1,3,3,2,14,4,2015-08-28,
E0062,Business Solution,82612.25,7.0,3.64,0,2023-06-07,178.4,23.0,3,6,5,2,23,3,2022-01-06,
E0063,Sales,50865.06,3.8,3.44,0,2023-04-21,180.4,46.3,3,4,3,2,9,3,2019-12-14,
E0064,HR,66632.76,4.9,3.57,0,2022-01-23,148.1,15.7,2,1,3,1,8,4,2015-06-03,3.7100000000000004
E0065,GRCS,71815.9,4.2,3.5,0,2022-07-21,147.7,15.3,3,9,2,2,8,3,2024-11-28,3.5500000000000003
E0066,Datazone,71815.9,3.6,3.61,0,2020-11-20,139.2,12.6,5,7,4,3,3,0,2016-02-12,3.5033333333333334
E0067,Business Solution,84025.96,5.6,3.43,0,2021-09-26,174.0,15.0,3,5,3,2,32,2,2023-09-25,3.56
E0068,TSS,55185.86,3.9,1.85,0,2024-10-28,189.0,22.6,3,4,3,3,4,3,2020-02-25,3.513333333333333
E0069,Product Engineering,98914.16,2.4,1.78,0,2022-05-13,153.7,79.5,5,2,5,5,49,5,2019-03-13,2.9633333333333334
E0070,Business Solution,65715.69,2.9,3.79,0,2021-09-02,155.2,31.5,4,4,4,5,38,5,2021-04-11,2.3533333333333335
E0071,Finance,61126.48,3.3,1.64,0,2024-03-19,189.3,36.9,3,5,2,1,2,6,2019-01-03,2.473333333333333
E0072,TSS,83215.75,2.1,2.52,0,2023-07-05,170.1,14.2,4,4,4,3,9,3,2018-07-08,2.4033333333333338
E0073,Business Solution,96273.36,2.1,2.84,1,2022-07-30,168.7,36.2,2,8,5,6,46,1,2019-07-19,2.65
E0074,Marketing and Communications,67341.05,2.7,3.74,0,2025-01-07,136.2,23.8,3,3,2,3,1,3,2017-08-10,2.3333333333333335
E0075,Marketing and Communications,64343.68,3.9,,0,2022-02-24,173.6,20.4,2,7,4,3,49,5,2016-12-07,3.0333333333333337
E0076,Business Solution,77520.14,5.6,2.44,1,2023-01-15,141.4,50.5,1,7,3,1,11,3,2015-12-14,
E0077,TSS,65798.51,3.1,2.38,0,2020-10-03,137.3,42.0,3,6,4,2,29,2,2020-07-15,
E0078,Sales,82893.13,6.2,,0,2022-03-25,153.1,18.5,2,7,3,0,26,2,2022-10-13,
E0079,Datazone,74104.35,3.8,3.34,0,2020-07-21,148.3,34.5,3,2,4,2,27,5,2015-11-07,
E0080,Product Engineering,92525.12,3.0,4.53,0,2022-12-19,155.6,55.6,3,6,1,4,38,8,2025-02-21,
E0081,Customer Success,64041.3,2.0,1.49,0,2023-09-11,131.2,62.1,3,4,4,5,29,4,2021-06-28,
E0082,PMO,80140.06,3.0,1.82,0,2022-07-23,179.2,33.3,2,6,1,6,33,2,2017-07-08,3.1199999999999997
E0083,TSS,69137.91,2.9,2.74,0,2020-11-04,182.6,46.6,2,3,3,6,28,3,2016-10-25,2.6133333333333333
E0084,PMO,71058.95,1.7,3.92,0,2022-01-28,121.1,38.8,3,6,2,6,31,1,2020-04-20,2.016666666666667
E0085,PMO,62497.07,1.9,3.31,0,2025-02-08,179.6,28.4,5,8,4,3,19,7,2020-11-03,2.8266666666666667
E0086,Marketing and Communications,50031.14,3.3,2.31,0,2022-12-16,143.8,18.0,1,3,3,3,48,0,2022-05-08,3.323333333333333
E0087,Customer Success,59706.3,6.1,3.67,0,2022-02-02,177.1,36.1,2,7,3,5,26,2,2018-04-09,3.1799999999999997
E0088,Product Engineering,88491.59,2.6,2.32,0,2024-07-12,158.6,26.2,4,15,3,2,29,5,2018-09-12,3.0966666666666662
E0089,Sales,89405.88,0.9,2.34,0,2023-08-25,160.6,37.1,1,7,4,4,11,2,2017-07-13,2.766666666666667
E0090,Datazone,67779.61,0.2799999999999999,1.8,1,2024-03-08,156.3,17.5,1,8,3,4,41,2,2024-06-16,2.776666666666666
E0091,Marketing and Communications,64840.47,1.3,2.9,0,2021-06-30,184.2,36.6,3,3,4,4,32,6,2021-07-04,2.153333333333333
E0092,Business Solution,66374.27,2.8,2.2,1,2022-07-14,135.2,15.6,3,4,2,5,21,5,2024-04-24,2.3466666666666667
E0093,GRCS,69180.07,1.1,3.91,0,2021-06-20,172.2,12.3,3,5,2,4,38,1,2023-10-27,2.3000000000000003
E0094,Business Solution,78004.26,4.4,1.76,0,2022-05-19,182.0,54.1,2,6,3,6,34,1,2019-12-02,3.003333333333334
E0095,Sales,61866.49,3.9,2.65,0,2025-01-21,174.3,33.4,3,6,5,3,40,1,2018-01-30,2.6233333333333335
E0096,GRCS,73896.83,2.5,2.68,0,2024-11-12,200.0,11.6,4,4,2,0,22,4,2019-08-27,2.7733333333333334
E0097,Sales,60221.18,1.7,3.98,0,2022-07-08,149.4,28.3,4,1,1,2,48,4,2023-06-25,2.3633333333333333
E0098,TSS,71083.25,2.3,3.59,0,2025-04-03,179.1,32.0,3,6,2,5,27,5,2020-04-20,3.1033333333333335
E0099,Datazone,85582.8,2.31,3.31,1,2023-12-05,157.9,37.3,1,10,4,1,8,1,2021-01-16,3.4166666666666665
E0100,TSS,66001.11,0.77,1.83,1,2025-03-30,184.7,46.3,2,4,3,2,40,5,2017-03-29,3.626666666666667
E0101,Customer Success,83206.97,5.8,4.2,0,2023-09-05,159.8,30.7,3,2,4,7,46,4,2023-04-02,2.91
E0102,PMO,74106.17,3.3,3.34,0,2023-05-12,152.2,16.3,3,2,2,2,31,2,2016-07-24,3.1133333333333333
E0103,GRCS,67767.8,3.5,2.45,0,2022-02-23,186.1,11.3,4,5,2,5,1,6,2017-09-04,3.123333333333333
E0104,Product Engineering,92142.84,3.9,1.91,0,2021-06-16,150.2,29.2,3,7,3,4,39,2,2019-02-13,3.3299999999999996
E0105,HR,71053.72,5.5,4.31,0,2024-08-13,131.7,39.1,3,7,4,2,34,3,2022-01-16,2.566666666666667
E0106,Sales,77339.54,3.0,2.34,0,2024-06-24,149.7,21.2,4,9,4,2,47,4,2024-10-06,2.89
E0107,Business Solution,66598.38,4.0,2.69,0,2021-01-20,172.4,17.6,3,4,2,1,24,3,2021-07-03,2.853333333333333
E0108,Finance,87210.25,1.7,2.64,0,2020-09-06,187.8,17.8,1,7,5,0,28,2,2016-10-26,3.1133333333333333
E0109,TSS,77729.15,6.8,3.31,0,2021-03-19,162.2,18.5,3,5,3,2,4,4,2021-12-29,2.5566666666666666
E0110,HR,69669.6,2.9,2.14,0,2021-07-31,186.4,28.7,3,7,4,3,18,1,2015-07-09,2.8800000000000003
E0111,Finance,59475.87,1.19,3.3,1,2021-08-23,132.8,24.4,1,9,3,3,29,1,2019-10-13,2.6966666666666668
E0112,Product Engineering,94274.16,1.4,2.25,1,2023-11-15,151.1,10.0,3,5,3,2,23,0,2024-05-30,2.9166666666666665
E0113,Business Solution,71214.5,0.6,4.49,0,2020-10-27,154.2,50.7,3,5,4,3,37,1,2017-05-20,2.563333333333333
E0114,Customer Success,51462.24,2.0,2.59,0,2023-07-22,157.7,45.7,3,5,4,2,27,2,2023-01-07,3.3466666666666662
E0115,Product Engineering,94961.79,0.3,3.79,0,2023-07-12,161.7,20.3,3,5,3,5,16,3,2021-07-21,3.11
E0116,Business Solution,70985.73,4.2,1.76,0,2024-04-06,173.8,27.1,2,5,3,2,45,6,2019-09-29,3.6233333333333335
E0117,Finance,50518.23,3.4,,0,2024-10-12,151.1,12.4,2,8,3,3,27,3,2025-03-24,2.7133333333333334
E0118,Product Engineering,69460.89,1.4,4.6,0,2022-06-03,162.8,21.3,5,2,4,1,9,2,2021-10-06,
E0119,GRCS,71641.65,2.6,1.03,0,2024-12-26,159.1,1.8,3,6,3,4,5,3,2021-08-08,
E0120,Business Solution,76410.77,2.7,2.94,0,2020-05-18,141.5,21.3,1,6,4,0,8,1,2017-02-15,
E0121,Product Engineering,107452.96,1.2,2.82,0,2021-04-03,157.7,36.2,2,6,3,1,18,3,2019-04-05,2.856666666666667
E0122,PMO,82361.27,2.3,1.3,0,2024-11-06,157.1,22.9,3,1,1,6,35,2,2023-04-21,2.263333333333333
E0123,Datazone,68662.52,2.7,2.72,0,2022-07-20,156.7,23.8,4,10,3,3,6,1,2015-09-16,2.353333333333333
E0124,Finance,74172.8,1.61,1.87,1,2023-03-05,160.6,43.9,2,7,2,4,43,4,2024-10-31,2.28
E0125,Sales,92759.63,1.7,2.36,0,2021-03-25,161.5,32.4,2,3,3,5,23,3,2020-11-11,1.9633333333333332
E0126,Business Solution,93967.81,1.3,3.97,0,2022-10-11,151.4,15.6,5,0,3,8,46,3,2019-01-18,2.3166666666666664
E0127,Product Engineering,74229.1,2.2,2.32,0,2023-12-24,185.5,39.2,3,7,4,7,26,2,2016-05-10,2.733333333333333
E0128,TSS,59833.15,1.8,4.46,0,2021-08-17,136.6,23.3,3,4,3,3,39,3,2023-03-07,2.8833333333333333
E0129,GRCS,93902.86,3.7,2.25,0,2024-02-21,145.6,60.2,3,6,4,3,24,3,2020-06-03,3.5833333333333335
E0130,Sales,62760.44,5.7,3.36,0,2020-04-23,200.0,25.5,2,4,3,1,10,1,2022-03-25,3.01
E0131,Finance,53380.47,4.5,1.6,0,2022-07-10,139.2,11.8,5,2,5,7,15,6,2017-04-07,3.356666666666666
E0132,Datazone,89944.02,2.8,2.68,0,2024-07-16,132.9,17.6,2,4,5,8,38,7,2017-08-29,2.4033333333333333
E0133,PMO,54386.63,1.7,2.15,0,2021-10-20,174.7,22.9,2,9,4,1,20,2,2016-01-20,2.546666666666667
E0134,Product Engineering,85437.07,4.4,3.15,0,2024-08-07,120.0,47.7,4,4,4,5,29,4,2015-12-01,2.1433333333333335
E0135,PMO,79807.02,2.66,2.94,1,2021-03-09,155.3,20.1,1,7,3,3,6,4,2020-06-17,2.66
E0136,GRCS,78256.25,5.4,2.63,0,2022-10-27,200.0,10.5,4,8,4,5,48,3,2023-08-31,2.7466666666666666
E0137,Marketing and Communications,63104.35,3.0,1.39,0,2024-08-07,129.1,13.7,3,2,5,2,9,6,2017-04-04,2.9066666666666663
E0138,Sales,57248.91,6.6,2.62,0,2021-12-21,120.4,7.0,3,2,1,3,5,4,2016-12-07,2.32
E0139,Product Engineering,72852.59,3.0,3.29,0,2021-07-31,130.0,33.0,5,5,3,4,48,1,2019-04-11,2.2133333333333334
E0140,Product Engineering,97383.59,1.7,1.92,0,2023-06-18,178.0,22.1,1,4,3,6,39,1,2024-06-05,2.433333333333333
E0141,HR,64774.94,2.0,3.33,0,2021-08-27,182.5,38.7,4,8,3,1,19,1,2017-08-03,2.61
E0142,Sales,69898.72,3.6,1.65,0,2024-11-13,149.7,41.5,2,6,3,7,5,1,2021-11-22,2.8466666666666662
E0143,PMO,71815.9,1.8,2.2,0,2024-10-16,173.7,25.1,4,9,3,3,20,7,2022-12-31,2.3000000000000003
E0144,HR,59334.33,6.6,3.1,0,2020-04-14,187.8,47.4,2,7,3,4,11,7,2021-08-05,2.393333333333333
E0145,TSS,74967.65,3.4,2.65,0,2023-01-15,195.7,5.7,3,2,5,6,27,1,2024-06-21,2.316666666666667
E0146,Customer Success,45534.01,2.7,3.63,0,2024-06-09,155.1,38.5,4,8,3,2,29,1,2022-05-31,2.6500000000000004
E0147,GRCS,63388.64,2.9,1.21,0,2020-06-12,120.0,48.7,3,3,4,0,7,2,2025-04-10,3.1266666666666665
E0148,TSS,77998.13,2.3,2.96,0,2021-03-26,143.6,26.3,4,5,3,1,3,1,2017-11-29,2.4966666666666666
E0149,HR,48299.96,0.8,2.71,0,2023-05-15,151.5,18.8,4,4,3,4,5,1,2022-05-05,2.5999999999999996
E0150,Product Engineering,84874.09,2.0,3.55,0,2022-11-24,154.8,54.9,4,5,3,3,13,2,2016-12-19,2.2933333333333334
E0151,Finance,62809.27,6.2,3.42,0,2022-04-26,156.2,14.4,5,4,3,3,16,6,2023-08-10,3.073333333333333
E0152,Datazone,75743.98,3.1,3.0,0,2020-10-09,182.4,28.7,3,8,3,4,12,3,2022-03-23,3.2266666666666666
E0153,Sales,68330.9,4.8,3.68,0,2022-05-01,185.5,17.4,2,0,3,5,39,3,2020-01-16,3.323333333333333
E0154,Product Engineering,92380.5,4.8,1.08,0,2025-02-08,156.6,16.3,1,7,3,1,27,3,2015-11-03,3.366666666666667
E0155,HR,39341.97,2.6,1.9,0,2020-12-13,182.0,10.4,2,4,4,7,45,3,2021-08-02,2.586666666666667
E0156,Marketing and Communications,62767.08,2.73,1.76,1,2021-01-04,167.2,51.9,2,7,3,6,33,6,2018-12-24,2.22
E0157,Business Solution,79244.47,0.8,3.71,0,2024-05-31,161.3,14.1,3,2,3,2,15,4,2022-10-29,1.58
E0158,Finance,66539.68,4.13,,1,2020-11-14,178.1,19.4,1,5,4,3,21,3,2022-11-06,2.4566666666666666
E0159,Marketing and Communications,69830.32,5.6,1.57,0,2024-10-24,161.4,37.1,1,3,2,4,44,4,2019-04-20,
E0160,Sales,56199.69,3.6,2.75,0,2021-05-08,200.0,26.7,1,1,3,1,17,2,2021-06-14,
E0161,Customer Success,64020.53,3.1,,0,2021-05-16,131.2,18.2,4,3,1,4,37,3,2016-12-21,
E0162,Customer Success,57301.3,2.6,2.29,0,2024-04-28,149.7,17.3,3,4,2,7,49,2,2021-07-13,
E0163,GRCS,65840.61,5.1,1.6,0,2024-12-16,157.5,27.5,3,4,3,1,15,4,2024-07-18,
E0164,Datazone,70721.34,4.1,2.47,0,2021-09-08,168.8,18.1,4,7,1,3,20,6,2021-05-20,
E0165,Business Solution,79923.65,0.2,4.48,0,2022-07-15,185.4,39.1,1,9,3,1,19,2,2016-04-24,2.12
E0166,PMO,69521.56,1.47,3.76,1,2024-10-08,159.5,37.9,2,3,4,4,1,6,2022-01-20,2.85
E0167,Finance,72231.87,1.2,2.83,0,2023-11-18,131.6,29.7,3,3,2,4,4,4,2019-12-23,3.5700000000000003
E0168,TSS,75107.23,1.1,2.73,0,2022-01-31,176.9,35.3,2,5,3,2,3,1,2018-07-06,3.69
E0169,Customer Success,41062.82,3.5,2.64,1,2024-11-13,175.1,19.4,2,3,5,6,8,4,2017-05-12,3.106666666666667
E0170,Marketing and Communications,84592.05,2.6,3.08,0,2021-12-28,121.2,26.8,4,3,4,3,41,1,2023-01-07,2.733333333333333
E0171,TSS,78984.87,2.45,1.52,1,2022-12-07,159.9,18.2,1,7,3,4,44,2,2016-11-03,2.8166666666666664
E0172,GRCS,81504.93,2.8,1.74,0,2023-09-04,128.2,52.6,4,7,5,2,5,1,2018-11-21,2.4133333333333336
E0173,Finance,78331.93,0.77,3.2,1,2023-06-17,146.7,12.5,2,6,3,5,9,4,2015-08-24,2.1133333333333333
E0174,Customer Success,66551.88,0.5599999999999999,1.35,1,2024-01-04,141.9,25.1,2,8,2,3,1,6,2016-02-22,2.1533333333333333
E0175,Finance,54233.18,1.4,,1,2024-09-07,176.2,28.6,3,6,5,4,43,0,2020-12-15,2.0966666666666662
E0176,Marketing and Communications,67198.84,2.1,1.41,0,2024-02-14,162.3,26.2,2,3,4,3,30,5,2019-06-05,
E0177,Sales,68428.04,1.47,3.57,1,2021-04-23,134.3,48.7,3,7,3,3,7,5,2017-06-04,
E0178,Product Engineering,84413.82,2.2,2.5,0,2022-05-23,177.6,21.7,5,4,4,6,22,4,2024-11-20,
E0179,Datazone,73595.84,7.7,1.33,0,2022-03-12,131.3,28.1,1,4,4,1,20,1,2018-10-10,2.4933333333333336
E0180,PMO,74652.52,4.7,3.89,0,2020-10-28,166.6,34.7,3,4,2,4,29,4,2016-06-13,2.466666666666667
E0181,Datazone,69507.98,3.1,3.21,0,2023-02-27,143.7,29.4,3,5,3,1,27,0,2024-09-16,2.5733333333333337
E0182,Product Engineering,79978.98,2.6,3.16,0,2020-06-17,152.7,31.1,4,4,3,1,25,4,2018-10-22,2.81
E0183,Product Engineering,59232.59,2.6,2.84,0,2024-12-28,170.1,16.7,5,8,5,4,46,1,2025-04-04,3.4200000000000004
E0184,HR,59081.74,2.87,2.22,1,2022-03-28,170.4,10.4,2,5,1,3,35,6,2018-12-15,3.0700000000000003
E0185,Customer Success,65284.85,2.5,2.29,0,2022-02-26,186.7,19.7,5,5,4,1,27,2,2019-03-31,2.74
E0186,Business Solution,72419.07,3.15,2.17,1,2020-05-05,158.4,38.7,3,6,2,2,11,6,2020-11-14,2.4500000000000006
E0187,GRCS,64913.77,2.31,2.48,1,2020-11-19,166.1,28.9,2,5,3,2,17,4,2017-10-16,2.226666666666667
E0188,GRCS,86603.01,7.7,1.61,0,2020-10-12,151.2,25.6,4,5,4,2,31,1,2015-05-01,2.3133333333333335
E0189,HR,64983.04,2.4,3.66,0,2022-03-25,163.6,22.4,1,5,4,3,18,5,2019-12-31,2.086666666666667
E0190,Datazone,82265.49,4.9,2.26,0,2020-11-08,168.8,60.1,3,5,2,4,19,2,2017-09-29,2.5833333333333335
E0191,Product Engineering,86572.09,1.3,1.29,0,2020-07-19,158.0,57.1,3,2,3,7,38,6,2017-06-29,2.5100000000000002
E0192,Product Engineering,77756.24,1.8,2.7,0,2023-02-03,123.9,25.7,3,4,3,2,29,3,2024-06-21,2.4033333333333338
E0193,Customer Success,73605.61,7.2,3.08,0,2020-11-19,166.6,8.3,2,4,2,7,15,0,2019-07-19,2.0833333333333335
E0194,PMO,74834.73,4.4,2.22,0,2024-08-27,167.3,75.6,3,7,2,0,7,1,2018-04-02,2.356666666666667
E0195,PMO,77938.48,3.6,2.01,0,2022-04-22,146.4,82.0,5,2,4,3,37,3,2017-02-25,2.6666666666666674
E0196,Marketing and Communications,73012.89,8.8,1.68,0,2022-08-26,134.3,48.5,1,3,3,6,37,1,2015-09-21,2.436666666666667
E0197,Product Engineering,102404.13,2.6,,0,2024-05-30,189.5,23.5,4,4,2,2,7,3,2017-07-10,1.9700000000000004
E0198,Product Engineering,124652.88,4.9,1.86,0,2022-02-07,169.8,56.9,4,5,3,1,22,3,2015-07-15,
E0199,Business Solution,81314.91,5.1,2.18,0,2024-11-13,155.4,44.4,5,7,5,2,12,1,2021-05-18,
E0200,Customer Success,57745.58,6.3,2.06,0,2021-05-29,137.3,27.4,5,5,1,6,8,1,2019-05-01,
E0201,Datazone,75293.84,0.84,1.36,1,2025-02-20,143.6,31.5,3,5,4,3,18,5,2020-10-15,2.0333333333333337
E0202,Finance,56519.67,2.6,4.17,0,2025-03-08,186.1,11.6,3,2,2,2,28,2,2015-07-21,1.8666666666666671
E0203,Product Engineering,121076.44,3.2,2.56,0,2024-04-20,162.8,46.5,2,5,1,6,18,3,2018-03-31,2.5300000000000007
E0204,Customer Success,45432.25,6.3,4.39,0,2022-05-07,149.0,43.1,3,7,2,3,31,3,2019-10-18,2.696666666666667
E0205,TSS,57879.04,2.45,1.92,1,2024-04-21,170.2,24.7,2,7,3,1,17,3,2016-03-04,3.706666666666667
E0206,Datazone,95669.95,5.1,3.7,0,2023-09-29,143.7,9.7,4,5,4,3,23,6,2017-06-09,2.956666666666667
E0207,Customer Success,54132.83,1.1,,0,2021-11-25,190.0,16.7,4,7,3,4,11,1,2022-06-11,3.3366666666666673
E0208,TSS,69842.27,2.2,4.25,0,2021-01-31,187.1,13.5,2,7,4,5,15,2,2024-03-25,
E0209,Finance,102817.96,5.6,3.22,0,2021-02-08,150.7,39.3,3,10,3,5,30,4,2017-03-20,
E0210,GRCS,76921.6,2.4,2.54,0,2023-12-13,147.4,26.0,3,4,3,1,31,2,2016-05-12,
E0211,Marketing and Communications,66390.09,2.7,3.19,0,2023-04-18,120.0,44.9,1,4,3,2,6,5,2023-05-21,3.3366666666666673
E0212,Customer Success,44838.53,6.2,,0,2023-11-20,130.4,7.5,2,0,4,7,12,2,2022-11-28,2.9833333333333343
E0213,Finance,65846.24,1.5,2.19,0,2023-10-12,133.2,40.8,2,3,4,3,23,2,2021-06-10,
E0214,Marketing and Communications,66386.36,1.8,2.84,0,2024-04-02,162.7,30.7,4,3,4,3,39,5,2024-01-06,
E0215,Finance,51237.8,1.0,2.19,0,2020-09-28,153.5,39.5,2,2,3,2,40,2,2017-02-19,
E0216,PMO,61361.06,6.3,4.19,0,2021-02-12,133.1,15.1,2,9,4,2,36,3,2022-12-21,2.406666666666667
E0217,Marketing and Communications,78464.67,3.29,1.12,1,2020-10-18,154.4,25.1,2,10,3,2,35,4,2023-11-08,3.073333333333334
E0218,Customer Success,77144.34,3.22,2.44,1,2023-09-15,170.1,21.5,3,10,4,4,3,6,2019-01-19,2.5000000000000004
E0219,Business Solution,77612.9,2.2,2.02,0,2023-03-03,170.6,46.5,1,4,5,6,42,2,2016-01-08,2.583333333333334
E0220,Customer Success,72504.82,1.0,3.16,0,2021-03-18,122.0,8.0,2,10,1,10,28,5,2024-02-26,1.8600000000000005
E0221,GRCS,54965.13,0.5599999999999999,2.06,1,2022-05-25,157.4,10.9,3,5,3,3,15,7,2020-05-31,2.5400000000000005
E0222,Datazone,53644.77,5.6,2.6,0,2021-11-29,132.3,12.0,2,2,4,3,13,4,2023-01-28,2.413333333333334
E0223,Sales,78924.08,3.7,,0,2021-11-24,178.0,11.0,1,2,4,2,19,4,2015-10-24,2.6066666666666674
E0224,HR,34298.97,4.1,2.61,0,2024-11-04,175.7,12.0,3,2,2,2,40,8,2016-04-25,
E0225,HR,47785.12,3.2,3.39,0,2024-02-05,142.0,24.9,2,6,5,6,18,4,2023-06-07,
E0226,Product Engineering,93843.93,1.6,3.13,0,2021-06-22,144.7,32.9,3,2,4,1,31,2,2022-02-11,
E0227,Sales,95882.92,2.2,4.0,0,2023-11-14,150.8,9.2,4,9,2,4,37,3,2022-07-14,3.0433333333333343
E0228,Product Engineering,83726.86,1.4,2.28,0,2021-11-04,120.0,24.2,3,8,1,6,21,2,2017-02-12,3.5066666666666677
E0229,Customer Success,75127.51,0.84,2.49,1,2022-08-26,166.7,30.3,1,6,4,2,39,3,2023-08-16,3.136666666666667
E0230,Business Solution,77019.5,3.15,2.85,1,2024-03-20,154.5,40.3,1,6,2,3,5,3,2022-10-30,2.923333333333334
E0231,GRCS,77987.25,0.8,2.52,0,2022-05-29,179.4,5.1,3,3,2,1,17,2,2016-07-13,2.5400000000000005
E0232,Customer Success,69298.06,1.4,,0,2020-12-03,138.0,34.5,4,9,3,5,19,2,2016-08-28,2.6200000000000006
E0233,Sales,81318.04,2.3,3.11,0,2024-01-19,147.6,30.4,1,10,4,1,4,0,2020-10-05,
E0234,Finance,57712.69,1.96,,1,2024-12-17,129.9,23.9,3,7,4,3,26,3,2017-10-21,
E0235,Marketing and Communications,70755.61,1.0,2.7,0,2021-02-11,139.9,17.1,3,5,3,3,24,1,2016-05-26,
E0236,HR,49156.22,0.8,1.32,0,2020-09-17,136.4,10.8,3,9,4,4,39,5,2017-06-06,
E0237,TSS,69069.84,3.5,4.0,0,2024-11-17,179.9,7.2,4,2,5,2,38,4,2019-12-17,
E0238,Customer Success,49766.0,3.0,2.89,0,2020-05-28,146.0,38.8,5,5,3,2,46,3,2025-03-29,2.6733333333333342
E0239,Finance,62620.18,5.6,4.21,0,2021-01-27,162.5,8.7,3,5,4,4,19,3,2024-08-11,2.7366666666666677
E0240,Product Engineering,67214.65,2.9,2.8,0,2022-04-17,152.4,11.7,3,8,5,0,30,3,2020-10-24,3.7000000000000006
E0241,Product Engineering,89032.56,3.7,3.92,0,2021-09-11,134.6,32.2,3,6,4,3,26,3,2021-10-05,3.3000000000000007
E0242,Product Engineering,82001.72,1.7,4.82,0,2023-09-27,156.6,2.7,5,6,4,3,11,2,2024-04-22,3.643333333333333
E0243,Sales,84069.31,1.7,2.86,0,2024-05-30,172.0,26.9,4,7,3,7,39,4,2020-04-19,3.8466666666666676
E0244,TSS,65730.27,1.1,2.76,0,2024-05-17,135.8,19.5,5,5,3,3,3,0,2023-01-01,3.866666666666667
E0245,Product Engineering,84493.89,1.7,3.51,0,2022-02-06,176.2,30.5,2,5,3,2,22,0,2023-11-19,3.4800000000000004
E0246,Sales,62756.48,2.2,2.91,0,2023-09-10,143.0,15.0,4,7,4,2,17,1,2022-08-08,3.0433333333333334
E0247,Product Engineering,71741.49,5.3,2.2,0,2020-10-12,150.3,22.8,2,4,5,1,11,3,2016-12-20,3.0600000000000005
E0248,Product Engineering,105014.17,1.5,,0,2021-09-06,170.6,32.8,2,4,1,1,47,2,2017-03-24,2.8733333333333344
E0249,Product Engineering,102256.48,7.9,3.0,0,2023-07-04,146.7,51.4,5,6,2,3,39,3,2024-08-29,
E0250,HR,56367.79,3.8,3.29,0,2020-04-19,160.8,18.1,1,6,2,2,47,3,2018-12-10,
E0251,Sales,73937.32,3.4,4.32,0,2023-08-08,153.7,17.3,5,4,4,3,27,5,2022-08-07,
E0252,Product Engineering,81954.52,1.89,2.38,1,2022-07-15,162.6,10.9,2,5,2,6,49,6,2022-12-18,3.5366666666666675
E0253,PMO,83744.71,2.4,2.07,0,2024-02-25,120.0,23.1,4,3,4,2,43,6,2019-03-03,3.3300000000000005
E0254,Finance,68050.86,1.9,,0,2022-09-16,123.4,43.1,2,10,3,3,29,2,2022-04-28,2.923333333333334
E0255,GRCS,46681.79,1.0,1.51,0,2023-11-18,172.3,36.3,3,6,3,2,12,3,2021-01-18,
E0256,Product Engineering,107195.92,1.6,3.58,0,2025-01-03,180.7,34.4,2,6,3,3,13,4,2022-12-30,
E0257,Marketing and Communications,74828.45,6.3,2.1,0,2024-06-03,141.8,40.9,3,4,4,1,11,4,2022-01-24,
E0258,Customer Success,59181.92,3.7,3.98,0,2021-08-06,155.1,17.9,3,1,3,1,31,6,2022-05-11,2.3966666666666674
E0259,Datazone,96367.84,6.3,4.07,0,2021-11-23,165.9,1.8,3,5,5,1,11,2,2016-11-24,3.2200000000000006
E0260,Customer Success,70489.1,1.8,2.32,0,2022-10-21,173.9,16.4,1,7,3,1,41,0,2020-08-07,3.383333333333334
E0261,Product Engineering,95849.53,1.3,3.65,0,2022-02-18,120.0,39.0,1,4,2,3,43,2,2022-07-17,3.4566666666666674
E0262,Datazone,73726.51,1.89,1.67,1,2020-10-11,142.3,13.0,3,5,2,6,36,2,2020-08-06,3.3466666666666676
E0263,GRCS,65394.09,1.6,1.9,0,2025-03-17,153.3,40.7,3,5,5,5,2,3,2019-08-14,2.5466666666666673
E0264,Product Engineering,102555.69,3.1,1.52,0,2024-11-22,174.1,25.1,4,7,4,3,23,5,2021-08-25,2.4066666666666676
E0265,Marketing and Communications,79460.52,0.8,3.36,0,2020-10-19,200.0,28.8,4,9,1,3,36,4,2017-11-17,1.6966666666666672
E0266,Marketing and Communications,70647.08,0.6,3.78,0,2022-12-13,155.4,40.2,2,2,4,4,14,8,2023-05-08,2.2600000000000002
E0267,Marketing and Communications,69457.85,3.3,3.6,0,2020-10-07,131.9,20.1,3,6,3,2,37,3,2016-06-04,2.8866666666666667
E0268,Sales,72522.35,4.48,1.96,1,2020-09-15,168.0,57.1,2,4,3,3,49,1,2016-10-31,3.5800000000000005
E0269,HR,58898.01,2.38,1.59,1,2025-04-01,186.4,25.3,3,5,2,5,27,1,2016-09-25,3.1133333333333337
E0270,Business Solution,86272.69,3.7,1.79,0,2024-05-03,162.2,55.9,3,5,4,6,12,1,2016-11-13,2.383333333333334
E0271,Business Solution,66984.43,2.8,3.26,0,2024-07-23,141.9,29.6,3,3,2,1,29,6,2022-08-18,1.7800000000000005
E0272,Product Engineering,106031.05,3.0,4.65,0,2024-10-19,179.2,17.4,2,4,3,4,6,1,2016-12-04,2.213333333333334
E0273,Product Engineering,100201.11,1.0,4.13,0,2021-08-15,173.3,37.4,1,5,3,3,44,5,2021-08-15,3.2333333333333343
E0274,GRCS,77851.23,1.6,4.04,0,2020-10-06,139.5,30.2,2,4,2,4,47,2,2017-06-30,4.0133333333333345
E0275,GRCS,49684.35,5.2,3.29,0,2024-08-07,167.6,9.5,3,5,3,2,23,6,2024-09-30,4.273333333333334
E0276,Business Solution,92817.83,1.3,4.78,0,2020-12-17,179.9,49.6,1,2,1,5,10,1,2016-04-20,3.8200000000000003
E0277,Customer Success,46940.81,2.2,1.69,0,2021-11-11,183.6,34.3,2,4,3,1,34,3,2025-04-05,4.036666666666668
E0278,Marketing and Communications,74406.16,5.2,3.42,0,2020-11-11,158.7,52.5,3,5,5,4,44,8,2024-11-01,3.2533333333333343
E0279,Business Solution,46460.75,2.9,4.13,0,2020-11-10,152.8,29.6,1,6,3,5,12,2,2024-11-02,3.2966666666666673
E0280,Product Engineering,83306.32,3.0,1.78,0,2022-04-13,184.5,15.0,2,10,3,1,32,3,2020-11-21,3.0800000000000005
E0281,PMO,82717.08,1.54,2.35,1,2023-09-19,135.8,30.5,2,7,3,1,26,2,2017-05-12,3.1100000000000008
E0282,Sales,78667.05,4.0,2.97,0,2021-04-20,168.8,30.3,1,6,3,4,7,3,2022-04-09,2.753333333333334
E0283,Datazone,101685.06,4.6,2.37,0,2025-02-15,132.6,17.7,3,7,4,1,32,5,2021-04-19,2.366666666666667
E0284,Customer Success,67165.21,1.6,1.69,0,2022-05-17,181.3,19.6,3,4,2,4,33,3,2022-06-24,2.563333333333334
E0285,TSS,71112.54,1.0,4.54,0,2025-03-16,154.8,24.2,3,7,4,3,18,2,2016-02-27,2.3433333333333337
E0286,Sales,81713.61,0.7,2.08,0,2020-08-14,185.4,52.4,3,6,4,4,35,6,2020-03-05,2.866666666666667
E0287,GRCS,90005.15,3.6,2.31,0,2020-12-23,169.8,5.1,2,2,4,5,20,1,2020-08-06,2.770000000000001
E0288,HR,67408.52,3.4,2.46,0,2023-11-06,135.5,21.6,4,3,2,4,31,3,2021-04-07,2.976666666666667
E0289,Customer Success,70355.01,9.2,,0,2025-03-31,188.5,52.6,3,4,1,3,5,1,2017-01-16,2.2833333333333337
E0290,TSS,76768.44,2.8,3.31,0,2025-02-02,191.0,9.4,4,4,3,5,32,5,2025-02-11,
E0291,TSS,57956.99,1.75,3.08,1,2024-09-23,177.6,79.5,1,7,4,6,47,3,2023-11-30,
E0292,Business Solution,76910.85,3.1,3.96,0,2022-12-21,144.8,40.2,5,7,3,4,42,2,2018-11-25,
E0293,Sales,85719.75,2.24,3.72,1,2022-07-02,153.9,12.1,2,5,3,2,19,4,2017-11-30,3.4500000000000006
E0294,Datazone,83482.0,2.4,,0,2022-01-07,162.9,29.8,5,3,2,1,1,7,2023-06-27,3.5866666666666673
E0295,GRCS,79023.23,1.6,4.52,0,2022-12-15,145.9,16.5,3,6,4,1,7,2,2019-02-05,
E0296,Business Solution,93897.04,2.7,2.64,0,2022-04-24,193.8,15.3,3,3,4,1,22,0,2017-02-14,
E0297,Finance,80164.22,2.7,3.1,0,2022-07-17,162.9,31.1,4,9,2,2,34,2,2021-03-28,
E0298,Customer Success,84387.5,2.6,2.89,0,2023-08-25,120.0,4.0,4,7,1,2,10,2,2024-09-29,3.4200000000000004
E0299,Datazone,96756.3,4.2,3.82,0,2021-05-24,166.8,5.4,5,5,3,3,47,4,2021-07-14,2.876666666666667
E0300,TSS,53230.73,1.89,1.87,1,2022-11-01,153.0,31.8,3,8,3,5,42,1,2017-03-27,3.27
E0301,GRCS,58868.7,1.0,4.14,0,2024-03-03,158.5,18.1,4,6,4,4,26,3,2020-01-08,2.8600000000000008
E0302,GRCS,84732.13,1.8,2.8,0,2022-12-21,152.6,36.4,2,3,4,2,32,2,2025-01-18,3.276666666666667
E0303,Customer Success,72029.82,2.4,3.1,0,2020-11-24,176.1,26.1,3,8,4,4,42,5,2019-02-17,2.936666666666667
E0304,Marketing and Communications,60479.0,2.8,2.3,0,2020-05-11,182.4,15.6,2,10,2,3,27,4,2022-08-01,3.346666666666667
E0305,Product Engineering,109952.6,3.6,2.77,0,2024-03-06,165.7,37.9,3,6,4,1,12,4,2024-10-28,2.733333333333334
E0306,GRCS,49235.25,2.8,2.66,0,2025-01-26,153.2,30.2,5,7,5,2,40,0,2024-10-02,2.723333333333334
E0307,PMO,83035.08,0.6,3.28,0,2021-02-17,159.2,76.7,2,2,5,1,23,6,2015-09-24,2.576666666666667
E0308,Business Solution,92118.8,1.1,1.66,0,2020-11-26,160.4,18.6,3,5,4,3,14,1,2019-10-31,2.9033333333333338
E0309,HR,46551.64,3.8,2.94,0,2024-11-08,144.0,9.6,3,8,3,4,34,5,2015-10-10,2.5333333333333337
E0310,Sales,75358.98,2.3,3.21,0,2022-02-04,171.6,47.6,2,6,4,7,17,8,2018-05-09,2.626666666666667
E0311,TSS,63001.11,2.9,2.63,0,2024-08-01,169.2,22.9,3,2,4,4,6,4,2019-12-07,2.603333333333334
E0312,TSS,40776.31,2.2,4.16,0,2022-07-15,190.8,11.2,3,3,4,2,27,8,2020-07-15,2.926666666666667
E0313,Product Engineering,106011.57,1.8,3.63,0,2021-05-29,185.1,31.2,2,10,3,2,8,4,2021-01-23,3.3333333333333335
E0314,Business Solution,79852.96,1.54,3.13,1,2023-04-02,146.3,29.2,2,5,5,3,33,2,2021-04-03,3.473333333333334
E0315,Marketing and Communications,60651.24,2.9,2.08,0,2020-11-12,176.4,25.4,5,4,3,3,35,8,2015-05-21,3.6400000000000006
E0316,Sales,69116.56,2.7,3.11,0,2022-05-11,141.0,36.2,2,9,2,1,47,4,2018-05-15,2.9466666666666668
E0317,Finance,71815.9,3.15,1.02,1,2023-06-05,173.9,18.5,2,4,2,3,17,1,2017-09-20,2.7733333333333334
E0318,Finance,59590.36,0.9,2.29,0,2022-09-15,149.7,46.4,3,5,4,3,26,4,2024-11-30,2.0700000000000003
E0319,HR,60994.77,1.0,4.08,0,2021-08-16,139.5,33.6,4,1,3,3,7,3,2022-02-06,2.14
E0320,GRCS,58571.55,2.3,1.93,0,2024-01-04,165.6,10.4,2,5,2,3,46,2,2016-06-19,2.4633333333333334
E0321,Marketing and Communications,59374.47,2.59,2.58,1,2024-11-25,120.0,37.1,2,11,4,3,24,6,2017-09-11,2.766666666666667
E0322,Customer Success,67489.45,4.1,1.87,0,2022-11-08,125.0,20.6,3,2,4,5,25,1,2015-10-21,2.8633333333333333
E0323,HR,45932.38,1.8,1.6,0,2024-10-12,156.5,77.4,5,5,4,3,35,3,2016-11-04,2.1266666666666665
E0324,Product Engineering,106219.84,0.3,3.87,0,2020-05-07,161.6,17.6,3,6,3,2,26,7,2024-04-22,2.016666666666667
E0325,Marketing and Communications,62069.51,1.9,2.98,0,2024-12-31,152.6,10.9,3,7,4,4,5,3,2018-12-10,2.4466666666666668
E0326,GRCS,54353.57,3.4,1.41,0,2022-10-30,128.4,16.1,5,3,1,3,47,5,2021-09-06,2.8166666666666664
E0327,Customer Success,63269.02,2.6,1.39,0,2021-02-28,143.6,22.4,3,7,3,1,38,3,2022-06-04,2.7533333333333334
E0328,Sales,88770.8,3.7,3.15,0,2021-06-04,167.8,22.7,4,7,3,1,35,2,2022-12-31,1.9266666666666665
E0329,HR,65271.26,5.1,3.76,0,2022-07-13,171.6,36.0,3,6,4,4,30,1,2021-01-30,1.9833333333333332
E0330,Sales,83157.76,1.68,1.84,1,2021-04-06,159.7,6.8,2,6,3,3,25,3,2017-12-17,2.766666666666666
E0331,Business Solution,68523.94,2.0,3.73,0,2021-03-11,183.1,13.1,3,10,1,2,24,1,2021-07-30,2.9166666666666665
E0332,TSS,64323.57,1.5,3.27,0,2024-12-26,167.9,26.9,4,6,3,5,30,4,2020-08-01,3.1099999999999994
E0333,Datazone,81063.68,1.0,2.71,0,2021-08-08,145.1,9.1,3,8,3,7,20,4,2020-10-19,2.9466666666666668
E0334,TSS,78939.13,0.5599999999999999,2.61,1,2022-08-07,154.4,38.6,3,5,5,1,3,6,2024-12-08,3.2366666666666664
E0335,TSS,51121.25,1.7,1.95,0,2022-09-05,131.9,13.5,2,6,5,4,32,5,2016-09-22,2.8633333333333333
E0336,Product Engineering,76057.3,4.8,2.9,0,2022-01-27,157.8,18.2,3,9,2,2,8,3,2016-03-05,2.4233333333333333
E0337,Marketing and Communications,55071.58,2.73,1.78,1,2023-03-14,182.2,8.7,1,5,2,3,47,1,2017-12-05,2.486666666666667
E0338,Sales,81954.1,1.9,2.79,0,2022-01-05,173.7,8.0,2,7,2,2,23,3,2017-12-17,2.21
E0339,Datazone,80307.91,8.0,,0,2022-07-12,188.0,46.7,3,4,4,0,46,0,2016-02-17,2.4899999999999998
E0340,Sales,74556.29,1.8,1.82,0,2024-07-31,153.9,23.5,2,3,1,3,16,2,2016-09-01,
E0341,Sales,88682.87,5.4,3.44,0,2024-06-08,186.9,15.1,4,9,2,4,35,4,2019-11-29,
E0342,Finance,62206.64,6.1,4.56,0,2022-06-02,156.1,40.1,2,4,3,0,25,4,2022-10-27,
E0343,Sales,60858.05,3.5,3.54,0,2020-09-17,189.4,73.6,4,4,3,0,15,4,2022-06-30,3.2733333333333334
E0344,Sales,85046.2,1.7,3.09,0,2021-01-24,159.6,21.8,3,3,2,1,8,4,2023-07-18,3.8466666666666662
E0345,Customer Success,68133.67,2.1,3.45,0,2023-11-20,174.1,47.0,2,2,3,3,34,1,2022-10-20,3.73
E0346,Customer Success,68769.08,2.1,3.3,1,2022-08-20,189.5,43.5,1,5,3,1,25,3,2022-04-30,3.36
E0347,TSS,60927.56,1.0,4.47,0,2020-08-27,156.1,29.9,2,6,3,2,49,1,2019-12-06,3.28
E0348,Sales,84989.76,0.98,2.26,1,2020-04-24,164.4,24.0,2,14,5,5,44,2,2018-12-13,3.7399999999999998
E0349,Customer Success,43423.74,0.91,2.03,1,2023-02-13,185.8,66.5,2,9,2,3,19,3,2023-12-31,3.3433333333333333
E0350,GRCS,48559.25,3.6,3.17,0,2021-05-24,157.3,10.0,1,4,3,5,43,4,2017-03-21,2.92
E0351,Product Engineering,74095.99,5.1,2.22,0,2022-07-05,133.6,52.6,5,7,5,3,13,3,2021-02-25,2.4866666666666664
E0352,Customer Success,65016.98,4.0,1.76,0,2021-08-28,200.0,21.6,1,5,4,5,46,4,2022-08-06,2.473333333333333
E0353,Finance,69514.77,3.22,2.75,1,2024-01-15,150.6,18.4,3,10,3,4,12,3,2017-03-03,2.3833333333333333
E0354,TSS,53917.04,1.6,3.47,0,2024-12-22,163.2,8.4,3,4,4,7,15,7,2020-02-07,2.2433333333333336
E0355,Customer Success,38007.62,2.2,,0,2023-12-02,183.1,21.3,3,7,2,2,23,0,2023-07-24,2.6599999999999997
E0356,TSS,68867.94,1.61,1.89,1,2025-01-19,147.8,9.2,1,7,4,4,40,3,2024-03-31,
E0357,Customer Success,41701.38,3.5,3.07,0,2020-05-13,139.8,47.0,3,2,5,2,2,2,2020-07-12,
E0358,Product Engineering,116558.07,1.19,1.65,1,2021-03-26,165.1,25.9,3,6,3,3,40,1,2016-01-21,
E0359,Customer Success,63397.51,4.5,3.41,0,2020-12-02,124.1,37.9,3,6,3,2,23,4,2019-01-13,2.203333333333333
E0360,Sales,64866.41,4.199999999999999,2.11,1,2021-07-20,154.2,21.9,3,8,2,1,5,3,2022-01-03,2.7099999999999995
E0361,Customer Success,67522.51,3.6,4.15,0,2024-12-03,164.9,35.9,3,4,4,8,34,8,2016-03-19,2.39
E0362,Sales,67343.92,2.1,3.97,0,2020-08-02,154.6,14.6,2,3,3,2,10,5,2015-05-31,3.223333333333333
E0363,GRCS,65551.73,1.0499999999999998,3.38,1,2023-06-04,129.1,18.7,1,6,4,1,27,1,2018-10-05,3.41
E0364,Product Engineering,85907.17,1.3,2.54,0,2025-03-27,191.9,12.7,3,5,1,5,42,3,2020-05-29,3.8333333333333335
E0365,Sales,60544.75,0.6,3.93,0,2024-12-24,162.1,38.7,3,7,3,3,4,4,2018-11-16,3.296666666666667
E0366,Product Engineering,98597.21,2.3,3.06,0,2021-07-17,188.6,16.8,3,10,3,1,4,4,2017-08-13,3.283333333333333
E0367,Product Engineering,112190.77,1.54,2.66,1,2023-12-09,154.8,38.2,3,9,3,1,8,5,2019-08-18,3.176666666666667
E0368,Finance,60594.44,4.3,2.49,0,2021-05-13,142.4,2.1,3,5,3,3,6,3,2020-03-16,3.216666666666667
E0369,TSS,71209.13,1.26,2.21,1,2020-08-20,165.4,55.6,2,5,3,5,25,4,2020-11-11,2.736666666666667
E0370,Datazone,70328.93,2.4,3.38,0,2022-11-26,155.7,22.4,1,4,4,1,27,1,2017-04-28,2.453333333333333
E0371,TSS,65208.9,3.2,4.66,0,2023-05-20,136.4,37.3,3,4,4,1,47,0,2015-06-01,2.6933333333333334
E0372,Datazone,80874.92,3.6,3.08,0,2020-08-14,189.4,2.1,3,8,4,4,40,3,2023-09-29,3.4166666666666665
E0373,Marketing and Communications,50353.2,4.1,4.0,0,2023-04-29,147.6,5.1,3,8,3,5,20,0,2022-08-10,3.706666666666667
E0374,TSS,58322.76,3.0,3.03,0,2022-01-25,123.2,79.5,4,4,5,5,27,4,2018-04-09,3.9133333333333336
E0375,PMO,53368.07,1.1,3.6,0,2022-05-28,186.6,17.8,3,4,4,6,7,2,2017-06-24,3.3699999999999997
E0376,Business Solution,76439.18,3.4,2.51,0,2021-02-26,149.9,53.1,3,8,3,4,23,4,2021-10-01,3.543333333333333
E0377,TSS,66855.12,1.7,2.26,0,2023-04-16,147.8,13.7,3,4,2,0,20,5,2024-05-05,3.046666666666667
E0378,Business Solution,108320.29,3.64,2.71,1,2025-01-16,124.7,27.5,2,8,3,2,49,5,2019-03-13,2.7900000000000005
E0379,HR,53809.76,2.7,3.19,0,2023-09-27,194.8,25.5,3,6,5,3,34,3,2023-10-17,2.493333333333333
E0380,Datazone,69702.07,2.17,1.95,1,2021-08-06,134.2,14.3,1,3,3,5,29,5,2024-10-14,2.72
E0381,Marketing and Communications,58740.95,9.6,2.85,0,2022-04-18,161.2,23.9,2,5,3,1,44,4,2021-04-22,2.6166666666666667
E0382,Customer Success,50469.82,4.1,4.7,0,2021-08-30,178.3,9.9,2,3,2,4,5,3,2016-07-04,2.6633333333333336
E0383,Product Engineering,118269.8,3.3,4.47,0,2021-10-15,168.4,59.6,3,9,4,3,27,1,2022-01-14,3.1666666666666665
E0384,Marketing and Communications,43360.56,2.4,4.77,0,2023-10-15,158.8,27.4,4,4,3,3,12,0,2016-01-01,4.006666666666667
E0385,Business Solution,86292.52,1.1,3.28,0,2020-06-29,126.0,23.9,3,8,3,7,17,4,2022-09-14,4.646666666666666
E0386,HR,47454.34,2.3,3.75,0,2021-10-22,143.8,9.6,2,8,3,5,37,5,2015-08-08,4.173333333333333
E0387,Finance,71815.9,1.0499999999999998,2.14,1,2023-02-09,163.8,31.2,3,4,3,1,34,7,2023-02-07,3.9333333333333336
E0388,Business Solution,58103.54,6.4,1.18,0,2023-10-14,144.3,9.1,4,6,3,3,30,4,2016-08-09,3.0566666666666666
E0389,Business Solution,78970.09,3.4,2.19,0,2022-05-24,164.1,9.8,4,9,3,5,36,5,2020-08-10,2.356666666666667
E0390,Product Engineering,103181.47,5.1,2.05,0,2022-07-20,173.6,14.1,3,4,4,5,6,2,2025-01-28,1.8366666666666667
E0391,Sales,80741.82,1.8,3.42,0,2021-08-20,179.3,3.6,4,4,4,6,32,0,2022-08-02,1.8066666666666666
E0392,Sales,45957.14,1.6,2.64,0,2021-03-14,135.5,9.0,1,6,4,2,32,7,2025-01-13,2.5533333333333332
E0393,Business Solution,70996.32,3.9,1.3,0,2023-07-15,200.0,27.5,2,13,2,4,9,3,2022-02-28,2.703333333333333
E0394,PMO,84359.2,1.5,2.54,0,2020-08-11,175.3,29.3,1,6,4,6,22,5,2022-05-22,2.4533333333333336
E0395,Product Engineering,87559.98,2.0,3.46,0,2024-04-14,160.0,9.8,4,8,2,1,10,4,2020-03-16,2.16
E0396,Product Engineering,90915.34,4.619999999999999,3.83,1,2022-03-05,181.8,35.4,2,10,2,1,29,1,2017-03-29,2.4333333333333336
E0397,Sales,77511.13,2.1,3.54,0,2021-12-24,200.0,39.3,3,1,5,1,11,2,2022-03-04,3.276666666666667
E0398,Business Solution,63141.8,1.0,2.62,0,2024-03-13,131.2,42.1,3,8,4,3,28,4,2015-08-21,3.61
E0399,Business Solution,83646.98,0.7,3.91,0,2023-04-04,155.5,46.7,3,4,3,4,2,3,2020-10-22,3.33
E0400,Datazone,84303.84,0.9,2.63,0,2022-11-17,120.0,20.9,4,4,4,2,21,3,2018-03-16,3.356666666666667
E0401,Product Engineering,100282.45,3.71,2.55,1,2022-03-21,163.9,16.7,3,4,5,2,31,3,2023-02-09,3.0533333333333332
E0402,GRCS,70978.41,1.9,3.61,0,2022-03-06,167.3,24.1,3,6,4,3,41,0,2021-06-09,3.03
E0403,Business Solution,71815.9,9.4,3.32,0,2020-06-25,159.2,29.7,4,6,4,5,17,2,2016-10-12,2.9299999999999997
E0404,PMO,68016.93,6.1,2.65,0,2021-12-04,146.9,41.3,1,3,4,5,27,4,2022-09-17,3.16
E0405,Product Engineering,97492.15,7.5,1.56,0,2023-09-02,120.0,5.8,3,5,3,2,30,2,2017-01-30,3.1933333333333334
E0406,Sales,66407.05,4.7,1.79,0,2023-01-27,167.5,31.7,4,8,2,5,41,2,2019-06-03,2.5100000000000002
E0407,TSS,77063.31,2.66,2.42,1,2022-08-26,189.1,21.6,2,11,4,1,8,2,2022-09-11,2.0
E0408,Product Engineering,84797.11,1.5,1.84,0,2020-11-14,148.2,24.1,4,3,3,1,37,3,2022-02-04,1.9233333333333336
E0409,Datazone,83984.45,2.7,1.21,0,2022-08-28,168.8,23.1,3,2,2,4,5,4,2024-03-12,2.016666666666667
E0410,PMO,77732.19,4.0,2.26,0,2023-04-08,128.6,14.6,3,7,3,3,26,1,2016-08-14,1.8233333333333333
E0411,Product Engineering,57191.76,3.22,3.18,1,2024-08-12,169.1,28.8,2,8,3,4,6,2,2022-01-06,1.7700000000000002
E0412,Product Engineering,84513.5,1.2,3.11,0,2023-09-06,152.1,31.6,2,6,5,4,16,6,2020-07-23,2.216666666666667
E0413,Customer Success,73336.65,2.4,1.82,0,2024-11-03,144.8,30.6,1,6,4,5,1,1,2021-01-21,2.85
E0414,Customer Success,77359.32,2.5,3.9,0,2023-02-05,144.8,17.9,3,4,3,0,9,0,2019-01-19,2.7033333333333336
E0415,Sales,63926.55,2.5,1.69,0,2020-07-07,152.1,20.6,4,6,5,6,21,6,2020-12-12,2.943333333333334
E0416,HR,52151.35,1.3,3.81,0,2021-04-06,167.6,4.2,3,10,5,3,7,3,2018-02-21,2.47
E0417,PMO,50597.39,4.9,2.5,1,2022-07-03,133.8,13.7,1,6,3,4,43,2,2016-07-31,3.1333333333333333
E0418,Marketing and Communications,69853.22,2.3,1.6,0,2021-10-19,152.1,7.3,3,3,5,1,15,4,2023-12-20,2.6666666666666665
E0419,Business Solution,96115.28,1.4,2.89,0,2025-03-21,159.2,41.0,3,0,3,1,24,3,2017-03-22,2.636666666666667
E0420,Business Solution,93690.61,7.1,1.73,0,2022-07-16,138.0,16.4,5,8,3,3,5,1,2024-04-23,2.3300000000000005
E0421,Business Solution,69463.52,4.27,,1,2020-08-09,195.9,28.7,1,5,3,6,38,0,2023-12-16,2.0733333333333337
E0422,Datazone,80491.49,2.9,2.64,0,2021-03-15,142.9,25.0,3,4,4,6,29,4,2018-07-31,
E0423,Sales,53871.2,0.7,3.33,0,2023-12-24,146.6,22.6,3,5,3,2,46,4,2021-03-23,
E0424,TSS,73674.41,2.0,3.84,0,2023-03-23,140.4,9.8,1,3,4,7,46,3,2021-04-03,
E0425,GRCS,70669.38,0.5599999999999999,2.25,1,2022-12-13,196.0,19.3,2,4,4,1,11,3,2017-10-17,3.27
E0426,Sales,65029.89,3.6,4.71,0,2023-12-29,171.1,47.7,4,8,1,2,4,4,2019-04-21,3.14
E0427,Product Engineering,91964.84,1.9,2.41,0,2024-08-18,141.3,40.2,1,4,2,4,10,4,2017-01-11,3.6
E0428,Sales,91085.35,2.6,3.68,0,2021-04-07,182.1,52.7,1,3,3,3,34,3,2017-10-09,3.1233333333333335
E0429,Datazone,97214.81,6.7,3.74,0,2023-07-23,164.0,56.2,2,8,2,7,4,3,2019-08-21,3.6
E0430,Datazone,88120.51,1.8,2.66,0,2025-03-09,165.1,23.9,4,5,4,2,10,1,2018-08-21,3.2766666666666673
E0431,Business Solution,68731.64,3.5,2.14,0,2021-11-24,153.1,38.9,4,6,3,1,33,2,2018-03-27,3.3600000000000008
E0432,Customer Success,70616.17,4.1,4.14,0,2022-06-13,145.0,19.7,3,7,3,1,46,1,2017-11-18,2.8466666666666676
E0433,Datazone,70682.33,5.2,3.45,0,2020-08-28,166.8,26.8,3,10,3,6,18,5,2016-07-25,2.9800000000000004
E0434,Datazone,88990.89,2.5,2.77,0,2023-12-28,149.1,28.2,4,7,4,1,12,3,2018-04-18,3.243333333333334
E0435,Marketing and Communications,67992.47,2.3,2.52,0,2020-04-18,196.3,39.0,4,3,4,1,23,0,2023-09-09,3.4533333333333336
E0436,TSS,61033.04,2.3,2.97,0,2024-09-14,134.6,46.4,4,3,5,1,44,2,2023-03-05,2.913333333333334
E0437,Business Solution,85877.16,3.3,3.59,0,2024-11-10,190.7,24.6,4,7,4,3,25,3,2024-11-14,2.753333333333334
E0438,Marketing and Communications,74448.26,5.9,2.66,0,2021-12-16,157.8,28.4,3,3,3,4,37,3,2025-02-20,3.0266666666666673
E0439,Datazone,93710.0,2.2,3.59,0,2023-05-19,166.0,23.2,3,3,2,2,4,7,2022-12-02,3.073333333333334
E0440,Datazone,52545.87,0.21,,1,2023-12-13,176.7,27.9,3,5,4,3,13,1,2024-11-19,3.2800000000000007
E0441,Product Engineering,94862.72,3.08,3.24,1,2020-11-16,147.4,26.3,1,10,5,4,18,2,2020-10-12,
E0442,Sales,66909.03,2.8,3.6,0,2023-02-02,177.3,35.5,1,2,3,3,29,5,2020-08-29,
E0443,Sales,79722.84,3.6,4.95,0,2022-12-14,120.0,13.6,1,5,3,3,44,4,2017-11-07,
E0444,Business Solution,89907.83,0.5599999999999999,2.59,1,2021-05-05,145.6,16.3,3,6,2,2,30,2,2022-10-06,3.930000000000001
E0445,Product Engineering,119320.46,1.9,4.7,0,2022-11-02,141.5,43.6,2,2,4,3,48,8,2016-06-11,3.7133333333333343
E0446,Product Engineering,110206.36,4.2,2.64,0,2024-08-05,134.9,32.9,4,3,3,4,38,0,2023-04-05,4.080000000000001
E0447,Business Solution,75055.65,1.1,4.31,0,2022-11-29,155.7,19.4,3,2,2,3,28,4,2022-10-21,3.3100000000000005
E0448,Sales,62727.58,3.5,4.57,0,2023-10-03,167.7,58.4,2,6,4,3,7,1,2020-06-07,3.883333333333334
E0449,Datazone,68679.23,2.6,2.24,0,2023-01-21,174.1,3.5,1,3,3,2,24,1,2019-12-15,3.840000000000001
E0450,Business Solution,89447.93,1.12,3.06,1,2023-09-15,164.8,25.7,3,8,3,4,41,2,2016-03-28,3.706666666666667
E0451,GRCS,70349.42,1.6,1.31,0,2022-10-18,146.7,24.3,2,5,3,4,10,2,2021-04-08,3.290000000000001
E0452,Sales,86541.67,1.3,2.55,0,2024-12-30,167.4,45.1,3,4,3,2,37,2,2023-11-30,2.2033333333333345
E0453,Product Engineering,88421.72,2.8,3.94,0,2021-05-13,162.5,20.1,4,6,3,6,27,5,2016-07-18,2.3066666666666675
E0454,Datazone,76230.38,2.1,1.66,1,2021-11-30,178.7,24.2,2,8,3,1,21,2,2020-07-24,2.600000000000001
E0455,Sales,81806.77,2.1,2.41,0,2023-11-10,175.5,27.8,3,6,3,3,36,1,2023-02-20,2.7166666666666672
E0456,TSS,61839.29,0.91,2.39,1,2023-07-04,160.6,11.5,1,9,4,3,43,6,2022-12-21,2.6700000000000013
E0457,Sales,72437.84,3.4,,0,2021-10-05,142.1,29.6,3,10,4,4,29,0,2015-12-03,2.153333333333334
E0458,TSS,61570.74,4.4,1.84,0,2025-02-14,146.9,27.1,3,12,3,4,7,4,2016-04-01,
E0459,Datazone,71988.95,3.8,2.56,0,2022-11-04,149.0,48.2,3,5,3,6,13,2,2021-07-22,
E0460,Datazone,89848.96,5.319999999999999,1.16,1,2023-09-26,153.7,68.5,3,9,4,1,45,1,2020-03-01,
E0461,Customer Success,62747.5,2.4,4.42,0,2024-12-10,165.4,47.7,1,10,2,4,23,3,2016-08-02,1.8533333333333342
E0462,Marketing and Communications,57628.29,3.92,2.38,1,2020-04-14,174.3,22.6,1,4,2,2,25,5,2016-10-26,2.7133333333333343
E0463,Customer Success,65894.14,1.7,2.5,0,2022-11-13,159.0,10.8,2,4,3,4,41,5,2023-11-28,2.6533333333333338
E0464,Product Engineering,102178.46,1.12,3.17,1,2022-09-21,160.3,16.3,2,8,4,5,45,3,2021-10-28,3.1
E0465,Sales,77607.14,2.9,2.77,0,2022-01-26,162.9,17.6,2,4,3,4,13,5,2023-02-26,2.6833333333333336
E0466,HR,48296.52,6.3,4.0,0,2023-12-09,149.7,10.5,4,5,4,2,37,1,2025-02-26,2.813333333333334
E0467,Product Engineering,57030.32,2.2,2.09,0,2025-03-19,141.5,45.3,5,3,4,5,30,2,2024-09-17,3.313333333333334
E0468,Finance,93160.5,0.8,2.4,0,2023-01-09,124.9,39.5,5,3,5,2,26,5,2015-12-24,2.9533333333333336
E0469,Product Engineering,112471.89,4.4,3.18,0,2024-03-27,146.1,25.0,5,3,2,5,12,0,2022-12-07,2.8300000000000005
E0470,TSS,69781.66,2.5,3.95,0,2024-01-15,169.5,23.6,2,6,4,1,1,2,2025-01-03,2.556666666666667
E0471,Product Engineering,87926.86,3.2,3.48,0,2024-01-16,145.9,36.1,3,5,2,2,18,5,2018-06-26,3.176666666666667
E0472,TSS,51526.88,1.6,1.75,0,2022-02-05,155.2,30.0,2,9,3,4,21,3,2020-10-01,3.536666666666667
E0473,Product Engineering,97667.34,2.9,3.56,0,2024-08-18,169.3,21.4,4,1,3,2,24,8,2023-05-17,3.0600000000000005
E0474,GRCS,69544.21,0.9,2.0,0,2024-04-22,170.4,21.9,4,5,3,3,17,5,2023-10-24,2.930000000000001
E0475,Product Engineering,95424.89,4.9,2.03,1,2021-09-22,138.4,44.3,1,8,4,1,42,1,2017-11-06,2.436666666666667
E0476,TSS,70291.22,4.8,3.14,0,2021-01-01,179.9,15.4,3,5,1,4,9,2,2016-05-02,2.5300000000000007
E0477,GRCS,56771.96,2.8,1.79,0,2022-09-11,182.5,44.3,4,8,3,1,40,2,2022-12-12,2.3900000000000006
E0478,Product Engineering,109623.8,4.3,4.4,0,2024-08-31,137.4,32.5,1,4,3,2,28,1,2017-01-16,2.3200000000000007
E0479,GRCS,63799.28,1.7,,0,2023-02-18,143.5,56.6,1,6,4,0,15,1,2021-02-15,3.1100000000000008
E0480,Customer Success,64066.69,4.7,3.71,0,2021-01-28,183.8,22.0,4,5,1,1,13,5,2016-09-19,
E0481,Marketing and Communications,72014.19,2.2,3.64,0,2022-04-12,157.1,10.4,3,7,4,3,28,3,2023-11-13,
E0482,Sales,78572.99,2.1,2.74,0,2022-12-03,120.0,31.5,5,4,4,4,17,3,2018-03-21,
E0483,Customer Success,65022.13,1.4,3.08,0,2022-03-11,132.0,13.6,1,7,4,0,9,1,2015-12-13,3.3633333333333337
E0484,Customer Success,53321.81,3.4,3.28,0,2021-12-22,155.0,13.1,4,4,2,8,21,0,2019-07-01,3.153333333333334
E0485,Product Engineering,90031.36,2.7,4.11,0,2021-07-14,136.7,54.5,3,5,4,3,30,4,2022-09-24,3.0333333333333337
E0486,TSS,59721.3,3.99,3.55,1,2020-06-27,151.7,45.8,3,7,1,3,11,2,2022-10-04,3.4900000000000007
E0487,HR,58801.76,1.3,1.97,0,2020-09-03,160.6,25.1,4,5,4,3,30,1,2024-03-13,3.646666666666667
E0488,Product Engineering,106726.14,3.4,4.86,0,2022-05-13,189.2,29.0,5,6,4,1,36,4,2024-03-05,3.210000000000001
E0489,Product Engineering,100196.52,5.1,4.04,0,2024-04-28,154.2,27.9,2,5,3,4,25,3,2017-12-25,3.460000000000001
E0490,Sales,63738.52,6.65,2.9,1,2020-11-25,181.5,36.3,2,5,4,3,7,2,2021-06-22,3.6233333333333335
E0491,Customer Success,59478.85,3.0,2.57,0,2024-02-26,188.6,21.6,2,3,2,3,20,2,2021-08-16,3.9333333333333336
E0492,HR,63429.37,2.1,3.18,0,2023-10-22,188.7,1.4,1,5,3,3,35,3,2020-02-04,3.1700000000000004
E0493,Finance,68217.6,3.0,3.35,0,2025-03-06,165.7,8.3,3,4,3,3,10,5,2021-11-15,2.883333333333334
E0494,Sales,65848.86,5.4,1.67,0,2021-12-08,120.7,17.5,4,5,5,2,35,6,2022-03-28,3.0333333333333337
E0495,Sales,85326.54,3.78,2.64,1,2023-07-19,169.2,21.4,2,4,4,2,1,3,2021-01-14,2.7333333333333343
E0496,Customer Success,63563.02,2.5,3.79,0,2024-06-26,181.0,38.3,4,8,4,3,14,2,2016-03-04,2.553333333333334
E0497,TSS,62416.73,3.78,2.56,1,2023-09-06,158.4,48.3,1,6,5,3,45,2,2020-12-22,2.7000000000000006
E0498,Product Engineering,96746.74,1.82,3.45,1,2022-05-11,194.9,17.2,2,3,3,5,5,4,2016-05-27,2.9966666666666675
E0499,Product Engineering,93459.76,4.3,3.47,0,2021-07-15,177.2,26.9,5,3,5,1,40,0,2020-11-21,3.266666666666667
E0500,Marketing and Communications,58873.98,3.7,1.13,0,2020-04-30,171.4,37.9,1,6,3,1,44,4,2016-11-21,3.1600000000000006
E0501,GRCS,40528.09,1.47,2.71,1,2021-03-10,181.7,17.2,1,9,4,3,38,1,2024-10-10,2.683333333333334
E0502,PMO,64621.65,1.4,4.01,0,2023-11-24,166.7,46.4,3,5,4,2,34,4,2021-11-10,2.4366666666666674
E0503,Business Solution,97474.06,5.2,1.43,0,2022-02-21,120.0,7.7,3,3,1,4,24,3,2020-02-12,2.616666666666667
E0504,Marketing and Communications,74779.99,4.199999999999999,2.99,1,2021-10-11,150.0,24.6,3,7,3,3,4,1,2019-07-27,2.7166666666666672
E0505,Finance,71349.96,3.4,2.96,0,2024-09-08,183.9,24.5,2,4,1,3,27,4,2017-11-03,2.8100000000000005
E0506,Product Engineering,87741.36,2.6,4.71,0,2024-03-26,143.8,37.3,3,4,5,1,5,2,2020-12-14,2.4600000000000004
E0507,Business Solution,81859.93,0.84,1.66,1,2020-09-16,155.5,11.2,2,4,2,2,43,3,2016-09-01,3.553333333333334
E0508,Product Engineering,92637.07,5.1,3.2,0,2025-01-08,139.1,46.6,2,3,3,5,13,5,2025-03-13,3.1100000000000008
E0509,Marketing and Communications,48689.81,3.2,2.39,0,2022-05-27,195.7,40.3,2,4,4,2,40,3,2017-09-08,3.190000000000001
E0510,Customer Success,66186.06,2.3,4.41,0,2021-04-25,193.6,25.1,3,6,3,3,21,2,2021-03-26,2.4166666666666674
E0511,Sales,92400.06,4.4,2.67,0,2024-03-01,142.3,21.8,4,8,3,2,37,5,2020-07-23,3.333333333333334
E0512,Product Engineering,89552.66,0.7,3.49,1,2021-06-01,162.9,36.2,2,7,4,3,32,4,2021-12-13,3.1566666666666676
E0513,Product Engineering,100968.1,1.3,1.64,0,2024-03-26,146.4,40.9,4,2,2,1,38,3,2017-06-23,3.5233333333333334
E0514,TSS,57875.89,1.7,,0,2024-10-19,172.3,43.0,3,3,4,4,31,3,2016-09-21,2.6
E0515,TSS,72129.94,3.6,3.26,0,2025-01-13,170.2,17.0,3,6,3,2,32,4,2020-07-19,
E0516,Sales,76652.01,2.1,2.98,1,2022-12-24,176.2,14.9,1,8,3,3,15,1,2024-10-16,
E0517,Business Solution,65960.46,3.8,4.35,0,2024-01-18,166.6,14.8,3,9,3,1,48,3,2021-09-09,
E0518,Product Engineering,78833.94,4.9,3.24,0,2024-07-29,200.0,44.6,3,5,3,1,30,2,2020-11-14,3.53
E0519,Finance,62023.18,2.73,1.22,1,2023-11-29,139.4,25.1,2,5,5,1,43,3,2017-06-16,3.5233333333333334
E0520,Customer Success,68571.23,7.1,2.26,0,2024-12-10,125.8,12.4,4,6,4,3,7,5,2024-03-27,2.936666666666667
E0521,Sales,82791.98,3.43,1.41,1,2024-01-28,152.1,38.4,1,6,3,0,38,2,2016-11-14,2.2399999999999998
E0522,Product Engineering,96027.18,1.75,3.68,1,2021-08-20,128.6,39.7,3,7,3,2,31,4,2022-06-26,1.63
E0523,Business Solution,87190.56,1.3299999999999998,2.74,1,2024-04-26,130.2,21.9,2,6,3,2,44,2,2023-12-07,2.4499999999999997
E0524,Business Solution,79675.23,2.5,2.56,0,2024-02-10,140.0,9.5,1,7,3,3,26,1,2021-06-09,2.61
E0525,Sales,88550.76,4.0,3.29,0,2022-06-27,141.6,73.7,2,9,3,5,36,3,2015-08-05,2.9933333333333336
E0526,Sales,71347.14,2.0,3.51,0,2022-05-21,140.9,23.6,1,6,4,3,46,4,2021-06-14,2.8633333333333333
E0527,HR,66971.65,4.1,3.33,0,2022-08-22,170.4,35.9,4,5,3,5,43,4,2020-07-15,3.1199999999999997
E0528,TSS,59220.94,3.8,3.64,0,2024-09-18,149.9,22.6,4,2,2,5,26,1,2018-05-08,3.3766666666666665
E0529,Product Engineering,116606.11,0.98,3.17,1,2024-05-27,156.4,15.2,1,9,3,1,44,3,2018-12-04,3.4933333333333336
E0530,Business Solution,74237.81,4.9,1.97,0,2022-04-26,177.9,32.8,1,2,2,5,2,5,2021-02-04,3.3800000000000003
E0531,Product Engineering,88731.29,3.3,3.02,0,2022-08-14,144.7,11.9,3,5,4,3,43,2,2023-07-22,2.926666666666667
E0532,Product Engineering,101246.04,6.9,3.41,0,2024-01-09,154.7,37.3,4,5,3,0,45,2,2018-07-20,2.72
E0533,GRCS,80173.42,2.6,4.03,0,2020-12-09,167.3,58.6,2,4,3,4,43,4,2019-02-19,2.8000000000000003
E0534,Business Solution,86795.01,1.54,3.18,1,2022-09-17,121.2,20.3,1,4,3,2,9,4,2017-08-15,3.486666666666667
E0535,Product Engineering,61893.21,1.3,,0,2022-04-11,120.0,18.7,1,11,5,6,48,5,2017-12-01,3.5400000000000005
E0536,Business Solution,92122.65,1.3,,0,2022-08-05,166.9,13.4,2,5,2,1,5,4,2016-08-05,
E0537,HR,53486.05,4.5,2.85,0,2023-02-20,169.8,19.3,3,8,4,2,27,2,2020-04-24,
E0538,Sales,74139.06,6.5,3.48,0,2023-01-01,200.0,22.0,3,10,3,1,12,1,2017-01-01,
E0539,Datazone,71097.63,2.5,4.25,0,2024-11-16,163.2,45.9,2,10,4,2,35,2,2023-12-02,
E0540,Product Engineering,72474.51,2.4,1.95,0,2020-12-19,176.4,33.2,2,5,4,4,29,4,2024-06-19,3.526666666666667
E0541,Customer Success,53564.7,2.8,1.45,0,2021-06-16,156.1,43.5,2,2,2,5,16,0,2024-03-28,3.2266666666666666
E0542,Finance,71424.61,5.0,2.02,0,2021-07-25,165.9,19.6,2,7,4,1,19,9,2015-12-04,2.5500000000000003
E0543,Marketing and Communications,64615.18,0.98,1.15,1,2022-04-01,193.3,31.4,3,9,4,6,49,1,2021-01-04,1.8066666666666666
E0544,Customer Success,61367.28,3.1,3.5,0,2023-07-17,120.0,29.9,3,10,1,7,43,5,2017-07-06,1.5399999999999998
E0545,Sales,83036.36,3.22,2.72,1,2021-07-31,168.3,3.8,1,5,2,2,27,3,2021-09-09,2.223333333333333
E0546,Datazone,69768.1,2.52,3.08,1,2022-02-06,200.0,4.4,2,9,4,2,18,2,2017-11-27,2.456666666666667
E0547,Marketing and Communications,62989.0,0.2,2.03,0,2020-10-29,165.6,5.0,4,6,4,6,41,3,2018-01-16,3.1
E0548,GRCS,69979.21,3.9,3.95,0,2023-10-23,193.0,24.0,4,2,4,4,13,3,2018-05-11,2.61
E0549,Business Solution,80176.33,2.52,1.69,1,2023-10-01,147.4,40.6,2,4,4,5,30,3,2018-02-05,3.0199999999999996
E0550,GRCS,69707.14,3.92,2.87,1,2023-02-05,159.4,14.5,1,5,4,2,26,3,2022-09-23,2.5566666666666666
E0551,Product Engineering,93104.68,6.3,4.78,0,2024-11-23,160.7,9.1,4,4,4,1,6,4,2016-01-10,2.8366666666666664
E0552,GRCS,77066.88,5.4,2.01,0,2024-03-30,120.0,17.7,1,2,3,5,3,1,2022-04-09,3.1133333333333333
E0553,GRCS,77807.55,2.8,2.22,0,2023-10-26,136.6,25.7,2,9,3,6,23,5,2021-06-24,3.22
E0554,Product Engineering,93927.1,0.8,2.25,0,2020-10-23,138.1,13.5,1,7,5,3,12,2,2019-04-28,3.0033333333333334
E0555,Sales,99564.07,2.4,,0,2022-01-15,176.4,10.4,3,8,1,2,41,6,2022-11-03,2.16
E0556,Datazone,84936.42,2.7,2.16,0,2023-11-09,177.4,9.9,3,3,3,2,41,2,2020-02-17,
E0557,TSS,55646.09,6.5,2.54,0,2023-08-06,166.5,68.0,5,7,4,4,15,7,2022-12-02,
E0558,Business Solution,51334.04,1.6,2.76,0,2025-04-01,176.5,8.2,4,3,3,5,1,2,2019-04-07,
E0559,Customer Success,60463.33,0.7,2.94,1,2020-06-12,156.7,34.6,2,12,1,4,47,1,2024-05-14,2.486666666666667
E0560,Marketing and Communications,75009.35,1.4,3.21,1,2025-03-06,184.0,67.0,2,6,2,7,8,2,2019-05-09,2.7466666666666666
E0561,Finance,57186.2,1.19,3.07,1,2023-07-08,160.2,44.7,2,9,4,2,31,3,2020-07-18,2.97
E0562,Datazone,79158.77,1.0,3.13,0,2024-05-03,161.2,10.4,2,2,5,3,11,4,2023-04-06,3.0733333333333337
E0563,TSS,59353.37,2.5,1.47,0,2020-05-01,154.7,57.9,2,2,3,4,17,1,2018-08-01,3.1366666666666667
E0564,Sales,83428.21,1.96,,1,2023-04-10,173.7,8.5,2,7,3,2,27,0,2021-07-16,2.5566666666666666
E0565,Customer Success,81517.19,0.9,3.17,0,2022-10-27,151.6,17.4,2,10,3,2,31,4,2024-12-26,
E0566,Sales,78415.51,2.2,2.95,0,2023-08-07,179.5,22.0,2,6,3,3,27,3,2022-10-11,
E0567,Sales,68396.03,1.6,4.03,0,2023-11-05,137.4,11.2,3,4,1,1,14,2,2023-02-19,
E0568,Product Engineering,95589.15,0.42,2.22,1,2024-11-10,138.0,29.1,3,3,3,2,23,1,2020-01-28,3.383333333333334
E0569,PMO,81076.13,2.9,3.15,0,2024-12-04,173.7,14.8,3,8,3,3,5,3,2021-10-11,3.066666666666667
E0570,GRCS,71815.9,3.0,3.59,0,2022-02-27,158.2,66.7,5,5,2,3,30,7,2023-11-02,3.133333333333334
E0571,Business Solution,79401.83,1.6,4.15,0,2024-06-07,150.9,20.8,3,3,2,4,34,1,2024-04-03,2.986666666666667
E0572,Sales,74347.68,3.36,2.19,1,2022-02-23,177.8,40.3,1,6,4,6,47,4,2022-05-28,3.6300000000000003
E0573,Customer Success,65360.24,2.7,3.3,0,2022-08-08,147.9,57.8,3,3,4,2,19,3,2018-01-14,3.3100000000000005
E0574,Product Engineering,126218.82,1.7,4.31,0,2023-12-28,156.0,35.1,2,3,5,5,31,6,2018-09-05,3.2133333333333334
E0575,Product Engineering,86693.43,0.9,3.15,0,2024-05-30,188.0,65.9,2,4,4,2,16,6,2017-08-20,3.266666666666667
E0576,Datazone,95807.03,3.1,2.75,0,2020-07-12,190.8,43.7,5,4,2,2,45,2,2019-07-15,3.5866666666666673
E0577,Product Engineering,96202.88,3.6,3.27,0,2023-08-04,191.4,31.9,5,5,4,3,27,1,2016-03-03,3.4033333333333338
E0578,Sales,82734.61,2.0,2.53,0,2023-02-21,154.4,23.1,1,3,2,4,26,2,2023-06-17,3.056666666666667
E0579,HR,70075.18,2.03,2.8,1,2023-09-21,184.6,7.0,2,8,4,3,39,0,2021-08-06,2.85
E0580,Sales,81532.93,4.409999999999999,2.81,1,2021-09-07,141.0,24.4,1,6,4,4,29,3,2024-09-18,2.866666666666667
E0581,Product Engineering,84791.57,4.4,3.67,0,2024-04-04,141.9,13.1,2,6,4,4,49,2,2017-01-10,2.7133333333333334
E0582,Sales,68255.06,0.5,2.12,0,2021-05-14,120.0,49.8,3,6,5,5,39,5,2024-01-22,3.0933333333333337
E0583,PMO,77680.75,1.7,,0,2024-10-28,193.5,13.1,2,5,4,3,44,2,2017-05-27,2.866666666666667
E0584,Customer Success,69367.03,1.75,2.9,1,2020-07-05,142.7,28.3,3,9,4,2,45,3,2020-02-18,
E0585,HR,57788.02,2.8,3.42,0,2023-08-20,157.5,39.3,2,5,3,5,29,5,2016-09-16,
E0586,TSS,54449.21,3.0,3.26,0,2025-01-30,141.8,11.8,3,6,5,4,45,4,2018-01-04,
E0587,Datazone,86562.49,3.5,3.55,0,2020-07-06,173.9,29.2,1,4,2,1,46,1,2019-12-04,3.193333333333334
E0588,Datazone,123853.67,2.5,2.03,0,2020-12-29,152.5,18.4,3,8,5,0,47,5,2022-12-04,3.41
E0589,Finance,58319.05,2.7,2.56,0,2023-12-05,133.9,36.1,5,11,3,3,31,2,2024-01-06,2.9466666666666668
E0590,Datazone,71815.9,4.5,,0,2021-06-08,168.8,8.7,3,6,2,5,2,4,2017-10-15,2.7133333333333334
E0591,Customer Success,72416.67,3.2,3.02,0,2024-03-17,131.3,65.8,4,3,4,4,6,6,2022-09-22,
E0592,Finance,49467.17,0.84,3.3,1,2021-10-29,143.3,31.4,1,6,1,9,9,2,2016-11-03,
E0593,PMO,60336.45,1.96,1.77,1,2020-09-16,120.0,59.1,2,10,4,1,15,1,2019-01-22,
E0594,Product Engineering,105500.72,2.5,3.14,0,2022-06-30,131.5,44.9,4,6,3,2,20,3,2022-12-16,2.696666666666667
E0595,Sales,89737.49,0.6,2.36,0,2023-07-04,163.6,16.2,3,5,4,3,48,3,2021-03-25,2.7366666666666677
E0596,Customer Success,71068.58,2.9,2.02,0,2023-01-25,120.7,41.0,4,6,4,7,2,4,2015-09-26,2.423333333333334
E0597,Finance,76322.41,1.3,3.2,0,2022-01-30,130.4,53.6,1,4,4,4,3,2,2022-05-05,2.5066666666666673
E0598,Finance,82165.85,4.6,2.02,0,2024-02-24,160.0,47.1,3,5,3,6,30,3,2016-03-09,2.5266666666666673
E0599,TSS,73401.51,3.4,3.15,0,2023-01-23,149.1,30.8,5,14,2,3,8,1,2022-01-10,2.413333333333334
E0600,Finance,71815.9,0.84,2.75,1,2023-02-25,199.8,15.0,2,6,4,4,40,2,2023-10-28,2.790000000000001
E0601,HR,69006.56,4.5,2.21,0,2023-07-04,196.7,37.6,5,6,2,2,21,4,2021-08-23,2.6400000000000006
E0602,Finance,68957.85,5.6,2.99,0,2022-08-25,142.6,35.9,4,2,3,1,39,5,2019-04-18,2.7033333333333336
E0603,Datazone,63193.57,2.3,4.46,0,2023-11-13,171.1,20.4,4,5,4,1,43,2,2021-11-07,2.6500000000000004
E0604,Datazone,98921.74,2.5,1.4,0,2022-06-05,175.0,11.1,4,5,3,2,13,3,2016-09-02,3.2200000000000006
E0605,Sales,89750.23,4.2,2.71,0,2020-12-23,148.1,32.5,4,4,2,1,40,2,2021-08-29,2.950000000000001
E0606,Finance,64804.06,3.78,3.75,1,2024-04-13,130.1,13.4,3,5,2,3,41,1,2019-02-07,2.8566666666666674
E0607,Sales,73751.77,0.8,3.41,0,2020-06-12,159.8,20.4,5,6,2,1,48,3,2015-10-06,2.6200000000000006
E0608,GRCS,67790.3,0.91,3.36,1,2024-11-13,156.5,38.9,2,7,4,2,37,5,2020-09-14,3.2900000000000005
E0609,Marketing and Communications,74859.13,2.1,4.13,0,2020-09-21,151.3,12.8,4,7,1,2,32,5,2016-12-19,3.5066666666666677
E0610,TSS,54248.06,1.54,3.24,1,2023-04-05,168.8,8.4,2,10,5,2,14,2,2020-12-26,3.633333333333334
E0611,Business Solution,80655.47,4.2,3.42,0,2022-03-10,145.0,6.0,3,6,2,5,1,4,2017-10-07,3.5766666666666675
E0612,Customer Success,43773.49,5.4,3.65,0,2020-11-12,137.0,34.9,1,5,2,2,27,2,2017-08-16,3.5966666666666676
E0613,Datazone,119720.39,5.7,2.3,0,2020-08-16,162.2,36.0,5,8,3,5,24,0,2015-12-08,3.4366666666666674
E0614,Product Engineering,78607.37,0.8,2.77,0,2020-07-18,167.7,21.3,3,9,2,5,49,5,2020-02-29,3.1233333333333335
E0615,Product Engineering,85039.18,1.12,3.46,1,2022-05-21,136.5,45.0,3,5,4,3,22,3,2023-04-27,2.9066666666666676
E0616,TSS,64578.25,1.1,,0,2021-12-23,178.6,23.2,2,5,4,4,14,2,2017-08-23,2.8433333333333337
E0617,HR,56631.82,1.8,2.98,0,2020-06-15,124.6,23.9,4,2,1,2,45,4,2023-04-06,
E0618,Business Solution,108255.17,1.12,2.61,1,2021-07-30,148.4,21.4,2,8,4,0,8,1,2022-11-30,
E0619,Marketing and Communications,79249.15,3.4,2.28,0,2022-04-24,154.8,5.7,4,9,3,1,27,2,2015-05-16,
E0620,Finance,67054.09,3.7,3.58,0,2021-05-10,147.3,17.2,3,5,2,5,3,3,2016-08-18,2.6233333333333335
E0621,Finance,57603.07,1.89,1.17,1,2024-04-23,148.7,6.0,3,9,2,5,33,3,2015-08-10,2.8233333333333337
E0622,Sales,78152.55,1.75,1.78,1,2021-04-03,197.4,18.5,1,9,5,5,47,4,2019-08-21,2.3433333333333337
E0623,Sales,67791.35,2.1,,0,2025-01-29,143.0,40.1,1,3,2,2,21,6,2018-12-14,2.176666666666667
E0624,Customer Success,61315.74,2.3,2.95,0,2022-02-19,200.0,4.6,4,5,4,10,32,3,2017-10-29,
E0625,Sales,65902.29,4.34,,1,2024-03-27,168.7,17.5,2,7,3,0,40,2,2024-08-14,
E0626,Sales,78904.93,4.0,,0,2022-06-18,161.8,17.3,3,4,1,4,41,1,2024-04-05,
E0627,Marketing and Communications,46756.8,2.2,1.4,0,2023-06-03,169.5,37.4,3,5,3,1,45,3,2022-06-26,
E0628,TSS,58656.3,2.5,4.22,0,2021-09-16,200.0,14.2,3,4,4,3,44,4,2017-03-04,
E0629,HR,55990.64,3.5,2.67,0,2021-04-03,140.1,42.9,5,8,4,3,41,3,2020-03-08,
E0630,Marketing and Communications,82036.92,1.2,2.98,0,2021-09-03,137.6,15.2,1,7,3,4,32,2,2019-04-29,2.7633333333333336
E0631,Product Engineering,82154.07,2.9,4.36,0,2022-12-05,144.9,44.1,4,6,4,1,24,6,2020-05-28,3.2900000000000005
E0632,GRCS,85209.5,3.9,3.94,0,2021-03-14,160.6,41.0,1,7,2,0,11,0,2017-05-10,3.3366666666666673
E0633,GRCS,71815.9,2.52,3.53,1,2025-03-15,125.5,27.0,3,12,5,4,37,7,2016-02-04,3.7600000000000002
E0634,Datazone,79253.57,1.6,2.83,0,2020-07-01,160.4,22.5,3,4,4,3,21,4,2019-05-04,3.943333333333334
E0635,Sales,66219.34,1.8,2.52,0,2022-12-08,193.9,8.9,1,9,4,5,18,5,2022-06-04,3.4333333333333336
E0636,GRCS,85117.27,0.6,4.18,0,2025-03-06,163.0,27.2,4,9,4,4,11,1,2023-01-22,2.960000000000001
E0637,HR,63032.36,2.87,2.49,1,2023-06-23,154.1,44.3,3,11,3,2,27,1,2016-05-08,3.176666666666667
E0638,HR,60679.2,7.7,2.39,0,2023-08-28,147.6,10.9,1,3,4,4,43,2,2017-03-02,3.063333333333334
E0639,Sales,82295.41,1.4,4.55,0,2021-12-20,178.0,45.0,1,3,3,0,38,3,2023-10-14,3.020000000000001
E0640,TSS,80293.3,3.43,1.83,1,2020-12-05,143.5,49.0,3,10,3,1,1,3,2024-05-26,3.1433333333333344
E0641,PMO,79346.02,5.109999999999999,2.23,1,2022-05-07,196.9,14.1,2,8,3,4,29,1,2015-07-25,2.9233333333333342
E0642,Finance,77597.32,2.0,2.9,0,2021-02-23,198.7,26.8,3,9,3,0,21,0,2024-01-19,2.870000000000001
E0643,PMO,63185.64,2.5,3.76,0,2022-11-05,165.1,62.3,3,2,3,6,29,3,2025-01-24,2.320000000000001
E0644,Datazone,78086.3,3.1,2.19,0,2021-04-24,159.8,17.4,4,6,3,4,9,3,2019-05-26,2.9633333333333347
E0645,Product Engineering,106737.74,3.5,1.43,0,2025-02-04,180.6,42.1,3,2,2,6,7,3,2017-09-22,2.950000000000001
E0646,Customer Success,69407.01,2.24,2.71,1,2020-08-18,181.9,14.0,3,11,3,4,38,1,2020-03-27,2.4600000000000013
E0647,Marketing and Communications,57697.53,2.1,3.15,0,2023-03-27,143.9,23.9,3,6,4,4,31,3,2022-08-02,2.110000000000001
E0648,Business Solution,79516.57,3.8,1.79,0,2024-10-24,149.5,15.7,3,1,3,0,27,3,2015-04-23,2.4300000000000015
E0649,Sales,70533.08,2.1,3.01,0,2023-12-04,133.6,22.8,4,3,4,2,42,6,2021-04-14,2.550000000000001
E0650,Datazone,83565.6,3.3,1.76,0,2023-06-08,168.2,37.9,3,4,2,3,32,0,2019-05-17,2.650000000000001
E0651,GRCS,65374.1,2.6,3.58,0,2020-11-13,173.3,26.7,5,4,3,1,5,3,2024-12-27,2.186666666666668
E0652,Customer Success,64229.91,0.4899999999999999,1.49,1,2024-08-01,133.0,27.1,1,8,2,2,33,3,2022-05-15,2.7833333333333345
E0653,Marketing and Communications,84166.42,5.3,3.46,0,2023-03-09,150.9,14.0,5,8,2,3,15,7,2018-06-20,2.2766666666666677
E0654,Sales,86814.35,1.8,,0,2020-05-22,133.1,55.7,3,5,4,2,5,3,2016-09-26,2.843333333333335
E0655,Datazone,71512.92,5.6,3.05,0,2023-11-09,142.0,54.6,3,11,4,3,20,5,2024-03-09,
E0656,HR,53179.47,4.8,4.46,0,2024-06-14,171.0,36.5,1,9,3,1,38,1,2021-06-01,
E0657,Sales,74036.87,3.0,1.15,0,2021-03-06,145.3,67.1,3,5,3,4,37,5,2016-06-07,
E0658,Customer Success,47237.56,2.52,3.26,1,2023-12-20,154.0,39.5,1,6,4,2,17,3,2024-03-25,2.886666666666668
E0659,Customer Success,53139.6,3.9,3.21,0,2023-05-13,127.5,3.1,4,3,2,1,4,1,2024-07-15,2.9566666666666674
E0660,Sales,53361.75,2.4,3.85,0,2024-03-11,163.7,9.3,1,12,1,4,21,1,2023-11-30,2.540000000000001
E0661,Product Engineering,96795.32,2.4,4.29,0,2021-08-01,159.1,17.7,3,5,4,1,34,3,2023-12-02,3.4400000000000013
E0662,Customer Success,54609.99,3.8,2.9,0,2023-12-27,145.4,37.9,1,12,2,6,40,4,2024-09-16,3.7833333333333345
E0663,Finance,78693.79,2.6,3.03,0,2021-10-12,156.2,6.9,5,4,5,3,5,2,2015-08-18,3.6800000000000015
E0664,Datazone,71815.9,2.1,4.39,0,2024-09-20,163.6,28.3,4,5,4,3,4,7,2021-12-04,3.4066666666666676
E0665,Finance,57162.85,1.6,2.49,0,2022-07-31,143.7,41.4,1,3,3,5,22,4,2023-04-13,3.4400000000000013
E0666,HR,68050.79,3.4,3.5,0,2024-11-10,130.5,19.3,4,3,3,3,14,1,2016-01-09,3.3033333333333346
E0667,Finance,58470.0,1.8,3.47,0,2024-05-24,196.1,29.7,5,5,3,5,4,4,2021-11-11,3.460000000000001
E0668,Finance,54476.66,4.3,4.15,0,2024-03-27,147.3,34.3,3,3,2,2,8,4,2021-08-19,3.1533333333333347
E0669,HR,49676.77,4.5,1.47,0,2023-12-27,158.1,36.3,4,8,5,3,3,4,2019-08-07,3.7066666666666683
E0670,Finance,65403.62,3.6,1.47,0,2022-07-25,180.2,21.9,3,6,4,6,46,4,2015-07-23,3.0300000000000016
E0671,Product Engineering,99039.81,2.8,2.0,1,2023-01-09,200.0,44.5,1,6,2,6,29,2,2021-05-10,2.3633333333333346
E0672,Datazone,84987.34,3.6,2.88,0,2022-05-15,135.1,19.6,3,2,3,3,26,3,2016-06-06,1.6466666666666676
E0673,GRCS,49249.9,2.94,2.48,1,2021-01-07,169.0,28.2,3,10,2,3,30,2,2021-02-23,2.1166666666666676
E0674,Sales,70813.3,4.1,2.12,0,2022-08-27,145.8,25.7,3,7,1,3,12,3,2019-05-21,2.4533333333333345
E0675,Product Engineering,92236.65,3.3,1.36,0,2024-02-12,149.2,23.2,2,3,4,1,15,1,2017-01-17,2.4933333333333345
E0676,Datazone,82117.59,4.8,4.82,0,2022-05-10,145.6,30.7,4,3,4,5,41,3,2025-03-07,1.986666666666668
E0677,Sales,76202.31,2.4,,0,2024-03-26,137.5,50.9,3,8,3,3,2,0,2020-12-09,2.766666666666668
E0678,Product Engineering,112232.03,1.6,4.2,0,2025-02-16,159.2,6.0,3,5,2,4,1,1,2017-07-20,
E0679,Product Engineering,92792.27,1.6,2.14,0,2023-07-04,130.5,23.8,4,6,4,1,47,3,2016-01-14,
E0680,Business Solution,75995.57,2.2,2.92,0,2023-02-22,178.9,9.7,3,9,2,3,47,3,2021-04-11,
E0681,HR,63032.42,0.6,1.86,0,2020-07-11,161.1,6.0,3,4,4,5,28,2,2024-07-27,3.086666666666668
E0682,Finance,67778.56,2.1,3.66,1,2024-06-26,168.4,15.8,2,7,3,3,40,3,2021-01-15,2.306666666666668
E0683,Customer Success,66101.79,3.9,2.4,0,2023-01-17,150.7,54.6,4,6,4,1,35,4,2018-04-05,2.8133333333333344
E0684,Product Engineering,123005.77,4.5,1.69,0,2021-10-29,152.7,32.1,2,7,4,3,34,2,2023-03-10,2.640000000000001
E0685,GRCS,69926.53,0.5599999999999999,3.46,1,2024-06-05,165.8,20.7,2,5,4,3,4,2,2023-06-04,2.5833333333333344
E0686,Customer Success,65212.66,1.6,2.46,0,2022-02-01,136.7,16.9,5,4,5,4,18,4,2018-05-20,2.516666666666668
E0687,HR,62649.96,3.01,3.34,1,2023-04-20,152.8,34.5,1,6,5,2,12,6,2017-07-29,2.536666666666668
E0688,Business Solution,86070.81,2.4,2.99,0,2022-06-24,142.8,25.9,3,1,4,6,21,1,2016-05-10,3.086666666666668
E0689,Finance,68677.8,3.8,1.32,0,2023-03-06,142.2,21.8,2,5,5,2,10,3,2023-01-25,2.930000000000001
E0690,PMO,69126.36,1.1,4.35,0,2022-08-29,120.0,8.5,2,4,4,4,21,2,2015-11-29,2.550000000000001
E0691,Sales,55495.33,5.6,2.31,0,2022-08-19,186.8,13.7,4,1,4,2,40,2,2020-04-10,2.886666666666668
E0692,GRCS,65294.13,1.0,3.34,0,2025-01-03,146.3,50.9,4,3,2,7,25,3,2018-09-17,2.6600000000000015
E0693,HR,67261.96,3.0,3.14,0,2020-05-14,183.3,30.3,5,7,1,7,17,2,2016-01-11,3.3333333333333344
E0694,Datazone,64982.2,3.0,2.05,0,2024-09-04,181.4,13.5,4,0,4,2,6,5,2018-09-04,2.930000000000001
E0695,Customer Success,77400.26,1.3299999999999998,3.33,1,2021-11-27,134.3,33.2,1,11,3,5,14,2,2015-12-30,2.843333333333334
E0696,HR,67432.54,2.45,3.45,1,2021-01-03,138.2,43.7,2,7,4,3,37,0,2020-08-26,2.840000000000001
E0697,Customer Success,63119.24,3.6,2.1,0,2022-05-02,200.0,17.1,5,4,3,3,40,3,2020-07-22,2.9433333333333347
E0698,Finance,54412.13,3.4,2.85,0,2023-09-27,195.0,23.3,3,0,3,1,40,2,2024-01-19,2.9600000000000013
E0699,Sales,56539.63,1.9,2.79,0,2024-06-08,159.4,24.8,3,6,4,2,18,5,2022-01-21,2.800000000000001
E0700,GRCS,55045.45,1.19,2.43,1,2025-01-01,165.1,12.7,2,8,5,4,30,2,2024-07-09,2.5800000000000014
E0701,TSS,69123.81,1.47,2.37,1,2022-04-29,147.4,30.8,1,4,2,5,9,3,2023-05-03,2.6900000000000013
E0702,PMO,59362.63,1.5,2.83,0,2024-05-01,168.6,13.4,2,3,4,2,14,2,2019-08-05,2.530000000000001
E0703,Datazone,74407.74,4.9,2.97,0,2024-06-15,145.7,6.6,4,5,4,2,46,6,2015-11-27,2.543333333333335
E0704,TSS,58865.02,2.2,3.96,0,2024-02-04,120.0,13.1,5,7,3,0,46,4,2018-07-14,2.723333333333335
E0705,Product Engineering,113089.59,2.9,3.07,0,2020-06-05,133.6,29.7,1,5,3,5,17,7,2020-02-24,3.2533333333333343
E0706,PMO,75708.18,4.3,4.58,0,2021-01-27,160.4,13.5,4,5,1,2,34,0,2021-05-10,3.3333333333333344
E0707,Business Solution,74488.28,1.5,2.28,0,2022-10-14,137.4,23.9,3,6,1,2,46,3,2016-02-05,3.870000000000001
E0708,HR,56417.1,1.0,3.83,0,2022-03-02,158.7,26.5,3,3,3,4,22,1,2020-12-05,3.310000000000001
E0709,Marketing and Communications,71815.9,1.5,2.92,0,2023-09-21,138.5,8.8,5,5,2,6,32,2,2019-12-06,3.5633333333333344
E0710,Business Solution,69972.32,2.17,2.16,1,2022-05-08,144.4,69.0,2,6,2,1,12,4,2017-05-26,3.010000000000001
E0711,Customer Success,64923.68,3.0,3.37,0,2022-11-20,177.1,20.3,2,3,4,2,16,2,2021-07-17,2.970000000000001
E0712,Sales,72889.66,3.4,3.54,0,2025-03-24,164.9,42.1,2,7,3,1,22,9,2022-09-19,2.816666666666668
E0713,Sales,86301.63,1.75,2.96,1,2023-06-03,159.8,23.8,1,6,4,2,38,3,2022-02-01,3.0233333333333348
E0714,PMO,83743.4,0.21,2.82,1,2024-04-22,177.6,41.6,2,9,2,2,39,2,2022-10-06,3.2900000000000014
E0715,Product Engineering,71815.9,2.5,3.94,0,2024-12-27,169.6,37.7,1,6,4,1,2,6,2021-11-10,3.106666666666668
E0716,Business Solution,59345.37,4.6,3.67,0,2024-10-18,188.9,26.5,3,4,4,4,45,1,2021-01-18,3.2400000000000015
E0717,Product Engineering,104099.12,5.2,4.48,0,2023-03-17,150.8,6.9,1,4,3,2,8,4,2018-06-17,3.476666666666668
E0718,Datazone,64702.69,2.8,3.38,0,2023-11-25,151.4,54.9,3,3,5,2,44,3,2023-09-22,4.030000000000001
E0719,Marketing and Communications,78970.34,3.0,3.52,0,2024-12-17,134.0,13.0,1,5,4,0,1,4,2023-09-30,3.843333333333335
E0720,Product Engineering,113066.41,3.8,2.76,0,2023-02-04,151.4,8.9,4,4,4,2,41,5,2021-07-13,3.793333333333335
E0721,Finance,60532.33,5.2,2.51,0,2023-04-11,179.3,39.4,2,10,4,4,40,3,2024-02-12,3.220000000000001
E0722,TSS,66672.55,2.7,1.89,0,2024-02-21,186.0,30.1,3,8,2,3,41,6,2019-10-27,2.9300000000000015
E0723,Marketing and Communications,58384.22,3.8,3.15,0,2022-08-02,179.2,24.1,4,2,3,1,5,3,2016-09-08,2.386666666666668
E0724,Customer Success,50365.63,1.9,1.7,0,2022-11-21,124.1,16.9,4,3,2,7,45,6,2022-07-03,2.516666666666668
E0725,Business Solution,71032.35,1.1,3.91,0,2022-06-03,181.7,50.3,2,7,1,2,46,4,2016-08-16,2.2466666666666684
E0726,Datazone,86569.66,2.0,,0,2022-03-30,123.2,10.4,1,4,2,3,36,3,2022-08-10,2.9200000000000017
E0727,Business Solution,55678.79,5.8,2.28,0,2021-04-22,178.0,27.5,4,6,4,3,17,5,2018-05-09,
E0728,Finance,60550.42,2.66,1.13,1,2021-12-02,152.6,9.0,1,6,3,5,41,2,2024-07-24,
E0729,Finance,75455.45,1.2,3.63,0,2022-12-19,174.1,38.2,4,5,5,1,30,2,2020-04-12,
E0730,Finance,57840.78,3.9,3.66,0,2021-04-19,133.4,66.4,3,5,3,3,15,3,2020-09-29,2.346666666666668
E0731,Business Solution,81313.99,0.91,2.61,1,2024-11-02,183.4,34.6,2,11,3,1,20,3,2017-01-10,2.8066666666666684
E0732,Customer Success,61527.41,3.3,2.59,0,2021-11-09,130.7,13.8,3,4,3,3,36,1,2016-08-23,3.300000000000001
E0733,GRCS,68161.53,1.4,3.32,0,2021-11-29,146.6,41.8,4,1,3,3,2,3,2020-11-10,2.953333333333335
E0734,Sales,82103.14,1.2,1.21,0,2022-02-14,140.0,18.4,5,4,5,5,45,4,2020-04-24,2.8400000000000016
E0735,Product Engineering,89189.77,6.3,2.9,0,2024-05-26,124.9,16.1,1,6,4,5,4,2,2020-06-30,2.373333333333335
E0736,Sales,74837.51,2.2,4.08,0,2022-08-20,161.9,23.6,3,3,1,2,24,2,2022-11-13,2.476666666666668
E0737,Business Solution,80525.28,3.8,1.58,0,2024-09-28,196.1,6.5,1,4,5,1,48,3,2022-07-13,2.7300000000000018
E0738,Sales,65407.76,2.7,1.67,0,2022-09-09,200.0,56.4,3,10,4,2,42,4,2018-02-12,2.853333333333335
E0739,Sales,64860.14,0.91,2.2,1,2021-02-19,161.9,26.4,1,11,2,1,2,2,2022-11-01,2.4433333333333347
E0740,Sales,82302.58,2.3,2.06,0,2021-12-07,182.3,27.7,3,6,4,4,46,3,2021-04-06,1.8166666666666682
E0741,PMO,81557.69,1.4,3.71,0,2022-10-20,164.6,51.6,5,7,4,5,2,2,2022-11-21,1.9766666666666683
E0742,Marketing and Communications,54493.0,8.9,1.97,0,2022-03-20,170.0,52.5,3,0,3,5,1,4,2016-01-02,2.656666666666668
E0743,GRCS,63975.04,2.94,1.9,1,2023-05-09,153.2,17.9,2,8,4,0,13,3,2021-04-12,2.5800000000000014
E0744,Finance,68554.43,2.7,,0,2021-10-22,163.9,28.4,4,2,2,5,6,6,2022-09-06,2.526666666666668
E0745,Product Engineering,100863.25,3.7,3.09,0,2022-11-08,170.7,14.3,2,3,3,1,22,3,2019-12-15,
E0746,Sales,77229.59,4.0,2.12,0,2020-05-26,148.4,46.2,2,13,1,2,17,1,2016-04-04,
E0747,GRCS,88394.47,4.0,3.22,0,2024-10-28,158.5,55.2,3,5,5,2,49,2,2016-07-23,
E0748,Product Engineering,73939.86,3.9,2.04,0,2021-05-11,158.8,5.8,2,2,4,0,22,4,2022-03-12,2.810000000000001
E0749,Customer Success,84483.49,3.8,,0,2022-08-13,176.5,57.0,3,6,2,3,43,5,2021-06-18,2.4600000000000013
E0750,Datazone,81669.15,2.8,1.85,0,2020-09-01,138.7,11.3,3,6,3,1,6,4,2024-01-05,
E0751,Product Engineering,80806.78,6.1,4.13,0,2020-09-29,159.0,19.5,5,4,2,4,3,3,2018-01-02,
E0752,Customer Success,66232.95,2.9,,0,2024-12-27,198.2,8.6,3,8,4,3,46,2,2015-10-24,
E0753,PMO,62196.88,1.96,1.94,1,2022-10-07,183.3,33.3,1,12,2,3,6,2,2017-09-17,
E0754,Datazone,83993.02,3.0,4.58,0,2021-05-10,187.0,11.7,5,9,4,5,17,7,2022-09-26,
E0755,Business Solution,86148.11,2.17,1.92,1,2024-06-16,160.5,21.7,2,6,5,3,35,0,2015-11-16,
E0756,Customer Success,57709.07,0.8,2.75,0,2021-02-25,166.4,21.2,2,3,4,4,49,4,2017-06-06,2.8133333333333344
E0757,GRCS,79023.86,1.5,2.22,0,2020-05-21,180.0,4.4,3,6,3,1,37,5,2016-06-04,3.0833333333333344
E0758,Product Engineering,91414.2,2.5,1.88,0,2025-03-01,191.2,33.9,3,7,3,1,47,5,2019-04-19,2.296666666666668
E0759,Business Solution,65936.11,0.8,1.83,0,2022-09-13,121.0,3.0,3,5,3,4,35,4,2021-07-07,2.2833333333333345
E0760,Finance,60772.84,2.7,4.64,0,2024-04-10,133.7,19.9,3,4,4,2,23,0,2021-06-11,1.9766666666666677
E0761,PMO,71501.25,3.1,3.16,0,2024-05-09,186.2,40.6,4,6,4,3,8,2,2021-10-17,2.7833333333333345
E0762,HR,58285.28,1.1,2.36,0,2024-01-11,154.5,43.1,3,5,3,1,7,3,2024-12-06,3.210000000000001
E0763,Marketing and Communications,71815.9,1.8,,0,2023-03-07,146.6,20.2,3,5,3,3,10,3,2015-11-01,3.386666666666668
E0764,TSS,56133.5,5.4,2.88,0,2021-11-06,134.9,10.9,5,1,4,4,26,8,2017-11-22,
E0765,GRCS,59050.62,3.7,4.15,0,2020-09-19,148.9,31.2,1,6,2,2,10,3,2022-12-08,
E0766,Business Solution,61167.08,3.6,1.77,0,2022-06-06,132.0,34.4,3,4,3,4,19,1,2021-08-05,
E0767,Product Engineering,75698.91,5.0,,0,2024-05-06,200.0,38.7,4,4,4,9,23,1,2021-08-11,2.933333333333335
E0768,PMO,55016.25,1.5,2.79,0,2021-04-02,159.6,25.1,2,2,2,4,31,1,2022-11-01,
E0769,Business Solution,102072.33,1.1,3.85,0,2020-11-02,158.8,42.1,3,5,4,2,33,2,2016-08-03,
E0770,Datazone,88394.11,4.6,1.53,0,2023-09-09,171.8,21.1,2,4,4,5,2,4,2025-01-17,
E0771,Business Solution,77079.98,2.5,3.56,0,2024-06-18,179.2,20.8,4,9,4,0,28,1,2017-08-16,2.723333333333335
E0772,Datazone,95483.57,1.5,4.59,0,2020-11-29,178.9,20.8,3,4,1,2,32,4,2024-04-15,2.9800000000000018
E0773,Sales,84612.07,0.8,1.29,0,2025-03-10,181.5,31.2,3,0,2,2,33,4,2021-07-11,3.2266666666666683
E0774,Business Solution,86187.78,3.0,4.25,0,2020-09-26,147.4,24.2,3,11,3,4,9,3,2022-01-20,3.1466666666666683
E0775,Datazone,84189.34,2.4,4.72,0,2021-07-28,154.0,52.2,2,8,3,1,29,2,2020-08-18,3.3766666666666683
E0776,Finance,66045.76,2.1,2.84,0,2021-07-20,175.4,49.7,2,7,5,3,15,2,2020-01-09,3.4200000000000017
E0777,Marketing and Communications,72733.1,0.4,4.32,0,2025-01-25,149.5,28.4,3,6,4,7,18,4,2019-07-13,3.9366666666666688
E0778,Marketing and Communications,56313.61,6.0,4.09,0,2022-11-12,159.9,5.7,3,3,3,1,18,5,2017-03-18,3.9600000000000013
E0779,Customer Success,66926.79,1.0,3.17,0,2021-01-02,168.0,55.9,3,5,5,3,7,3,2015-09-22,3.7500000000000013
E0780,Marketing and Communications,48322.76,2.3,3.88,0,2022-05-24,175.7,37.8,3,6,4,3,14,2,2018-06-13,3.8600000000000017
E0781,GRCS,61338.32,2.0,1.6,0,2021-04-16,124.4,7.8,3,3,3,3,29,3,2023-10-09,3.7133333333333347
E0782,HR,57702.36,3.7,2.29,0,2025-01-10,174.3,40.8,3,5,3,1,19,3,2024-02-03,2.8833333333333346
E0783,PMO,86734.9,0.8,3.63,0,2023-10-28,155.3,5.9,3,8,2,1,5,2,2021-11-12,2.5900000000000016
E0784,Finance,71815.9,3.5,1.51,0,2022-03-15,174.1,7.4,2,6,5,2,41,2,2024-11-02,2.506666666666668
E0785,Product Engineering,95786.51,2.1,1.81,1,2024-09-22,175.5,22.6,2,9,3,7,45,8,2017-04-14,2.4766666666666683
E0786,Customer Success,72846.37,1.7,2.27,0,2023-07-08,192.2,80.0,4,4,4,5,5,5,2019-09-26,2.3166666666666678
E0787,Sales,88545.0,3.4,3.67,0,2024-02-11,187.1,13.6,2,3,3,5,15,5,2019-09-17,1.863333333333335
E0788,Sales,69892.11,1.89,3.03,1,2024-01-18,186.9,54.9,2,10,4,2,26,3,2022-11-16,2.5833333333333353
E0789,Product Engineering,104267.94,6.8,3.84,0,2022-10-23,188.9,41.5,3,1,2,8,24,2,2018-12-07,2.9900000000000015
E0790,Finance,55363.78,1.68,,1,2023-12-06,165.8,13.6,2,7,5,5,19,2,2020-02-21,3.513333333333335
E0791,Customer Success,67704.16,1.4,2.53,0,2022-11-17,160.6,31.6,3,6,5,4,20,7,2023-08-22,
E0792,GRCS,79356.01,3.5,2.81,0,2025-02-12,177.5,57.0,1,5,3,3,43,3,2018-09-08,
E0793,Customer Success,70858.45,2.2,4.72,0,2020-10-17,174.6,36.2,4,5,4,5,9,2,2017-05-15,
E0794,TSS,71546.9,2.7,3.25,0,2021-02-15,153.8,8.6,1,5,4,2,28,2,2017-08-04,3.353333333333335
E0795,Product Engineering,81948.23,0.77,2.72,1,2022-01-18,168.1,5.5,3,7,5,4,16,3,2016-07-17,3.593333333333335
E0796,Product Engineering,75897.59,2.66,2.18,1,2022-01-28,159.3,43.4,3,8,3,0,11,0,2022-12-21,3.563333333333335
E0797,GRCS,81549.55,2.0,4.24,0,2022-07-14,142.9,16.1,3,5,3,2,34,4,2018-03-21,2.7166666666666686
E0798,Marketing and Communications,77865.07,3.1,3.66,0,2020-12-21,185.8,24.3,2,5,4,3,25,1,2022-11-08,3.046666666666668
E0799,Product Engineering,72501.14,5.46,2.34,1,2021-08-13,161.1,18.2,2,10,4,7,40,4,2016-10-10,3.3600000000000017
E0800,Marketing and Communications,60966.37,2.3,3.63,0,2022-04-28,200.0,20.8,4,3,3,5,21,2,2020-09-19,3.4133333333333353
E0801,Finance,41408.09,4.1,3.38,0,2021-10-05,127.5,20.3,4,5,4,5,5,6,2021-03-11,3.2100000000000013
E0802,Customer Success,72065.56,1.68,3.32,1,2024-12-22,148.9,14.0,2,5,1,3,11,2,2016-05-21,3.1166666666666685
E0803,Customer Success,64481.84,1.19,3.08,1,2020-12-02,160.7,37.0,2,5,4,1,43,2,2024-08-21,3.4433333333333347
E0804,Sales,79951.34,5.5,2.14,0,2021-08-12,182.7,41.6,5,7,3,2,9,5,2024-07-03,3.2600000000000016
E0805,Marketing and Communications,76190.97,0.6,3.74,0,2020-04-21,168.0,14.9,3,4,3,2,11,5,2020-03-22,2.846666666666668
E0806,Product Engineering,112276.86,3.29,1.96,1,2023-10-04,166.2,15.9,2,6,3,5,37,1,2020-05-20,2.986666666666668
E0807,Product Engineering,70175.6,0.6,2.83,0,2024-02-11,137.5,48.2,3,2,3,1,41,5,2017-12-17,2.6133333333333346
E0808,Sales,81436.64,4.4,3.99,0,2024-04-11,136.9,14.0,3,6,3,3,1,5,2018-03-30,2.843333333333335
E0809,Datazone,89566.68,2.7,3.19,0,2022-10-04,166.5,35.6,5,3,3,2,26,7,2021-06-07,2.926666666666668
E0810,Product Engineering,99215.08,0.98,2.1,1,2020-07-23,132.7,51.8,2,9,3,2,10,1,2023-12-09,3.3366666666666682
E0811,Business Solution,79555.06,2.1,2.1,0,2022-04-02,149.4,10.7,2,7,2,3,40,5,2019-02-05,3.093333333333335
E0812,Datazone,104374.36,4.0,,0,2022-09-25,170.0,16.3,2,8,4,5,19,3,2017-05-07,2.4633333333333347
E0813,Product Engineering,113608.85,7.4,2.36,0,2022-09-08,140.4,17.5,3,6,3,3,16,1,2018-09-13,
E0814,Product Engineering,81063.91,0.8,3.01,0,2024-02-22,192.1,22.0,1,7,3,1,45,2,2017-08-23,
E0815,GRCS,65552.28,1.0499999999999998,3.37,1,2020-11-20,184.5,28.7,2,6,4,3,37,3,2019-04-24,
E0816,Customer Success,66109.58,0.7,1.49,1,2022-04-08,128.6,17.7,2,9,5,1,41,4,2023-09-08,2.9133333333333344
E0817,Sales,67154.12,2.4,2.42,0,2022-07-13,141.4,33.5,4,2,4,3,4,1,2015-09-24,2.623333333333335
E0818,TSS,66635.17,4.5,4.18,0,2021-12-18,120.0,37.8,3,5,1,2,14,4,2021-06-03,2.426666666666668
E0819,PMO,72206.17,0.9,2.44,0,2023-11-24,144.3,77.6,5,3,4,5,30,2,2024-09-15,2.6966666666666677
E0820,Business Solution,86715.84,2.6,2.03,0,2021-04-04,175.3,48.5,2,7,5,4,7,3,2025-01-07,3.013333333333334
E0821,TSS,69085.06,3.08,2.03,1,2024-11-29,151.7,36.0,2,7,3,5,12,0,2021-07-23,2.883333333333334
E0822,PMO,71815.9,2.0,4.0,0,2022-03-12,169.2,25.6,1,7,5,1,24,2,2023-03-27,2.166666666666668
E0823,Sales,67743.69,3.0,3.03,0,2021-07-19,129.6,22.2,4,9,3,1,39,6,2024-08-31,2.686666666666668
E0824,GRCS,64022.55,5.2,2.31,0,2022-07-17,176.0,46.1,5,6,3,1,43,5,2017-06-28,3.020000000000001
E0825,Product Engineering,82973.54,1.3,3.48,0,2021-06-28,148.9,20.6,4,5,3,2,22,5,2016-09-30,3.1133333333333346
E0826,PMO,74150.81,0.7,4.22,0,2020-11-20,160.2,21.0,3,7,4,2,47,4,2016-05-26,2.9400000000000013
E0827,PMO,65237.93,3.2,2.8,0,2020-10-15,158.1,14.1,3,1,3,1,30,1,2020-07-17,3.3366666666666682
E0828,Marketing and Communications,74755.07,3.3,2.13,0,2021-09-10,134.6,22.1,4,3,2,1,39,3,2022-01-21,3.5000000000000013
E0829,Sales,83130.98,1.9,3.51,0,2022-11-24,136.9,12.0,5,3,1,4,20,2,2023-06-05,3.0500000000000007
E0830,Finance,54344.85,1.7,2.75,0,2025-02-14,179.4,26.3,5,11,3,6,26,2,2024-03-23,2.813333333333335
E0831,Sales,75019.51,1.89,1.76,1,2022-09-26,168.0,21.1,2,6,3,3,49,2,2022-04-09,2.796666666666668
E0832,Datazone,93888.59,1.3,2.17,0,2024-01-07,181.0,27.9,5,2,3,1,5,3,2022-04-01,2.673333333333335
E0833,Finance,72256.64,0.91,,1,2021-05-04,166.5,25.8,2,7,3,6,40,0,2025-01-23,2.226666666666668
E0834,Sales,65180.07,3.9,3.62,0,2024-04-08,162.9,38.1,2,7,5,2,42,4,2016-07-15,
E0835,Sales,65784.79,1.2,3.13,0,2022-11-13,125.5,27.4,1,2,3,3,6,10,2017-05-31,
E0836,Product Engineering,71815.9,0.7,4.32,0,2023-09-15,154.6,33.6,2,5,3,7,34,3,2020-09-03,
E0837,Sales,60556.9,1.7,4.06,0,2022-08-06,159.5,33.8,4,2,2,3,5,2,2016-07-17,3.6900000000000013
E0838,Customer Success,57346.51,2.0,2.09,0,2024-07-15,199.1,30.8,4,1,3,5,10,5,2022-12-09,3.8366666666666682
E0839,Customer Success,57240.47,3.5,1.9,0,2024-11-15,173.7,32.3,4,6,1,4,28,4,2023-03-17,3.490000000000002
E0840,TSS,55702.33,1.8,1.94,0,2024-06-25,190.7,22.5,3,4,3,4,3,2,2024-01-31,2.683333333333335
E0841,Customer Success,62239.31,3.99,2.05,1,2024-01-03,172.0,54.7,1,9,4,4,13,5,2021-02-21,1.9766666666666681
E0842,Finance,55785.44,2.8,3.94,0,2020-12-18,145.8,31.4,4,7,2,6,48,9,2017-06-19,1.9633333333333347
E0843,Product Engineering,98429.56,1.6,4.65,0,2020-08-14,162.3,6.5,3,6,3,3,47,0,2024-08-29,2.643333333333335
E0844,Datazone,84684.19,3.4,3.3,0,2023-12-16,164.7,13.1,4,6,1,3,2,2,2018-05-18,3.546666666666668
E0845,Sales,70969.63,5.7,2.18,0,2023-01-09,141.2,31.2,3,6,4,4,35,2,2017-06-23,3.9633333333333347
E0846,Datazone,83927.9,3.9,3.7,0,2022-05-30,152.3,23.3,3,7,4,7,47,2,2022-08-23,3.3766666666666683
E0847,Product Engineering,87897.56,0.63,2.99,1,2020-07-02,155.9,27.3,2,6,2,2,28,9,2023-11-02,3.060000000000002
E0848,GRCS,71815.9,2.1,4.24,0,2021-01-21,192.1,5.5,4,9,3,1,37,1,2016-03-23,2.9566666666666683
E0849,Customer Success,50484.51,2.17,2.39,1,2022-03-25,120.0,33.6,3,6,5,2,23,2,2017-05-24,3.643333333333335
E0850,TSS,51507.54,3.8,1.26,0,2025-03-05,184.1,7.6,3,6,3,3,43,2,2024-02-05,3.2066666666666683
E0851,Marketing and Communications,68986.13,2.4,1.4,0,2025-04-11,141.3,52.0,4,7,3,2,23,1,2017-11-19,2.6300000000000012
E0852,Finance,60730.74,2.2,2.28,0,2020-06-16,132.6,17.3,3,4,3,3,35,3,2020-06-15,1.6833333333333345
E0853,Product Engineering,90767.07,6.8,2.45,0,2022-07-29,183.6,30.4,4,6,3,4,41,3,2018-01-31,1.6466666666666676
E0854,Finance,72630.18,2.73,3.13,1,2025-03-08,174.6,13.6,1,4,5,0,39,3,2018-01-14,2.043333333333335
E0855,Finance,76199.82,2.38,1.63,1,2020-08-15,185.1,3.0,2,8,5,5,32,4,2020-10-08,2.620000000000001
E0856,TSS,48780.66,1.9,4.07,0,2021-10-09,176.0,12.5,4,4,4,0,2,2,2019-02-13,2.4033333333333347
E0857,Sales,63424.79,0.84,2.65,1,2024-04-13,200.0,22.0,3,5,3,5,47,1,2021-03-03,2.943333333333335
E0858,GRCS,72001.34,3.5,2.49,0,2024-09-11,171.2,5.5,3,3,3,4,44,5,2024-02-10,2.783333333333335
E0859,TSS,49519.29,4.2,3.54,0,2024-01-16,156.9,66.2,3,5,3,4,48,6,2020-02-12,3.0700000000000016
E0860,Business Solution,80668.03,1.89,2.75,1,2022-08-25,166.9,26.0,2,5,5,4,16,4,2016-08-16,2.893333333333335
E0861,Sales,76150.02,3.9,3.92,0,2021-10-28,184.9,15.7,3,4,4,2,16,2,2019-07-19,2.926666666666668
E0862,GRCS,76510.4,4.0,3.3,0,2025-04-05,144.4,43.6,2,3,3,1,3,3,2018-08-15,3.4033333333333347
E0863,Sales,100663.62,4.3,,0,2023-12-28,147.0,21.9,4,6,1,2,28,2,2024-08-26,3.3233333333333346
E0864,Sales,80178.96,0.9,1.75,0,2024-06-18,153.8,37.0,4,9,3,5,29,3,2019-12-14,
E0865,GRCS,77046.01,2.1,3.73,0,2021-01-21,120.0,11.2,2,5,5,2,20,2,2017-05-30,
E0866,Finance,78533.36,3.6,3.14,0,2024-04-12,162.8,44.7,3,6,3,1,36,2,2020-06-07,
E0867,Finance,73651.03,2.7,3.81,0,2023-03-30,122.3,13.3,3,4,2,5,33,3,2024-05-10,2.873333333333335
E0868,Product Engineering,96294.65,4.0,2.5,0,2023-10-03,161.1,25.4,2,3,1,3,22,3,2016-11-14,3.560000000000002
E0869,Product Engineering,89242.05,3.4,4.03,0,2023-02-12,177.3,25.1,2,9,3,1,8,2,2023-10-31,3.1500000000000017
E0870,Sales,87004.98,0.35,2.85,1,2023-01-05,150.5,49.5,3,5,5,0,47,1,2018-02-24,3.4466666666666677
E0871,HR,73186.5,4.9,3.19,0,2021-03-03,193.5,29.1,3,9,5,5,24,2,2025-02-28,3.1266666666666683
E0872,Customer Success,66485.77,2.0,,0,2021-08-25,130.8,30.9,3,4,5,3,37,7,2017-11-27,3.356666666666668
E0873,Sales,79507.18,1.5,2.5,0,2023-02-01,183.8,41.5,3,8,4,3,20,3,2018-03-12,
E0874,TSS,65106.14,4.8,3.56,0,2023-10-13,173.5,11.8,4,3,3,2,12,1,2021-01-09,
E0875,Finance,56517.28,3.8,3.29,0,2024-06-30,125.7,21.1,4,3,3,2,20,4,2024-11-14,
E0876,Marketing and Communications,75435.56,5.2,2.59,0,2022-09-25,200.0,43.6,3,5,3,3,20,2,2015-12-25,3.1166666666666685
E0877,Customer Success,55475.05,3.1,1.43,0,2023-09-09,158.7,34.5,4,8,4,2,4,1,2015-10-07,3.1466666666666683
E0878,TSS,71815.9,2.1,2.03,0,2024-12-17,142.5,22.4,3,3,3,5,30,5,2016-08-30,2.436666666666668
E0879,Finance,84384.23,2.9,3.81,0,2020-08-05,131.9,39.2,4,4,4,3,31,2,2016-01-21,2.016666666666668
E0880,Finance,58382.42,1.3,2.14,0,2024-02-25,155.6,17.3,3,8,2,4,22,0,2025-02-03,2.4233333333333347
E0881,Marketing and Communications,81881.74,1.0,4.2,0,2021-01-11,157.5,17.5,4,3,3,3,15,1,2019-10-14,2.6600000000000015
E0882,TSS,61107.29,1.8,4.78,0,2022-12-16,162.1,15.0,3,3,4,5,38,3,2018-11-13,3.383333333333335
E0883,Datazone,71800.77,6.0,2.85,0,2022-06-06,154.0,32.8,2,2,5,1,37,1,2025-01-06,3.7066666666666683
E0884,Business Solution,68616.44,1.9,3.86,0,2023-01-12,172.7,16.7,3,7,3,3,28,2,2022-05-15,3.9433333333333347
E0885,Finance,61510.82,0.7,3.41,0,2021-04-08,152.2,50.7,3,2,1,4,11,2,2015-10-19,3.830000000000002
E0886,Customer Success,64690.82,2.4,3.67,0,2023-09-20,121.3,76.5,3,6,5,2,14,4,2023-10-03,3.373333333333335
E0887,Finance,67943.95,1.9,4.42,0,2024-08-28,157.0,14.3,3,5,4,1,11,3,2024-07-25,3.6466666666666683
E0888,Datazone,74048.8,4.9,2.8,0,2020-04-16,120.0,22.6,4,6,3,1,9,2,2020-03-17,3.8333333333333344
E0889,HR,63663.51,5.8,1.12,0,2024-11-23,167.1,38.3,3,2,3,3,24,1,2020-06-03,3.6300000000000012
E0890,Marketing and Communications,74680.07,2.0,3.76,0,2024-03-18,140.4,32.8,3,10,3,3,10,1,2023-07-01,2.780000000000001
E0891,Product Engineering,89721.58,3.1,4.15,0,2023-10-18,163.3,20.1,2,3,3,1,38,2,2019-06-13,2.5600000000000014
E0892,Business Solution,84339.32,3.3,1.56,0,2020-09-28,186.3,32.7,5,6,4,6,43,4,2022-03-11,3.0100000000000016
E0893,Sales,56445.28,2.6,4.48,0,2021-11-16,141.0,37.0,4,5,2,2,41,1,2020-05-05,3.156666666666668
E0894,Customer Success,67887.91,2.3,4.73,0,2024-09-09,181.2,38.3,4,7,2,1,37,4,2022-12-31,3.3966666666666683
E0895,Finance,70843.04,1.4,3.66,0,2023-05-12,151.3,53.6,3,6,1,6,42,5,2016-07-10,3.5900000000000016
E0896,HR,67080.86,0.6,1.66,0,2024-07-09,195.1,39.8,3,7,3,3,32,6,2016-04-20,4.290000000000002
E0897,Product Engineering,122679.16,1.4,3.36,0,2024-01-16,152.7,22.0,2,4,2,1,20,3,2017-12-21,3.3500000000000014
E0898,TSS,59357.15,2.5,,0,2020-09-20,143.2,14.6,3,7,3,2,14,5,2022-10-05,2.8933333333333344
E0899,Datazone,80786.52,0.63,3.5,1,2022-01-05,173.7,22.0,3,4,1,2,38,1,2022-05-09,
E0900,Finance,82673.72,2.1,1.5,1,2022-07-21,151.3,31.3,2,8,3,4,4,3,2023-07-10,
E0901,TSS,64471.02,1.96,3.32,1,2024-12-14,143.2,7.3,1,9,3,3,24,3,2023-03-08,
E0902,Finance,61545.53,1.9,3.05,0,2021-05-25,150.4,24.9,3,5,1,3,32,4,2018-10-02,2.7733333333333348
E0903,Customer Success,50556.91,2.2,2.94,0,2022-09-24,159.1,61.4,3,4,4,5,10,1,2021-01-25,2.6233333333333344
E0904,Sales,76423.71,0.77,1.87,1,2024-01-04,186.8,78.8,1,7,3,1,43,1,2017-09-22,3.103333333333334
E0905,Product Engineering,109441.38,4.3,2.84,0,2024-05-27,121.3,30.9,2,2,2,3,16,0,2020-08-07,2.620000000000001
E0906,Business Solution,81556.01,4.2,2.76,0,2021-04-25,160.5,7.5,4,8,3,5,39,1,2020-09-18,2.550000000000001
E0907,PMO,66018.27,1.2,1.3,0,2020-07-11,172.5,35.4,2,5,5,3,32,5,2021-02-27,2.490000000000001
E0908,HR,55815.87,0.84,3.18,1,2022-04-26,163.9,6.7,2,8,5,3,18,5,2022-01-24,2.300000000000001
E0909,Sales,67320.08,0.98,2.45,1,2021-08-18,186.2,20.0,3,7,1,2,25,2,2017-07-04,2.4133333333333344
E0910,Customer Success,66875.1,3.7,3.68,0,2022-12-04,158.5,31.8,4,6,4,4,7,3,2021-08-02,2.3100000000000014
E0911,HR,48197.83,2.31,3.05,1,2024-12-19,156.3,37.4,1,10,3,4,47,1,2024-01-16,3.103333333333335
E0912,Customer Success,43483.18,4.8,3.82,0,2020-05-25,171.8,53.7,4,7,2,4,18,4,2024-11-01,3.060000000000001
E0913,Sales,65724.76,5.1,3.43,0,2024-12-23,162.0,7.1,3,0,3,0,47,6,2017-02-01,3.516666666666668
E0914,GRCS,58074.23,0.63,2.87,1,2023-10-02,152.2,26.3,3,6,3,4,18,6,2020-09-16,3.433333333333335
E0915,Sales,72451.72,2.52,3.4,1,2021-01-27,170.3,18.2,1,9,3,2,3,2,2019-05-25,3.3733333333333344
E0916,HR,49861.42,5.0,3.39,0,2022-03-12,146.9,38.8,2,7,4,2,1,1,2023-03-21,3.2333333333333343
E0917,Product Engineering,110560.63,1.54,2.68,1,2021-03-31,147.8,10.9,3,4,4,5,33,0,2017-05-14,3.220000000000001
E0918,Business Solution,58316.77,2.6,3.49,0,2024-03-16,149.4,8.8,2,3,3,3,7,2,2019-11-01,3.1566666666666676
E0919,Datazone,77650.77,2.4,4.77,0,2021-04-12,187.1,27.9,3,9,3,2,10,2,2022-12-06,3.186666666666668
E0920,Product Engineering,90140.01,1.75,3.73,1,2021-08-04,120.0,4.3,1,9,3,5,44,6,2019-07-02,3.646666666666668
E0921,Sales,82099.17,3.01,,1,2024-07-09,167.9,45.6,2,10,3,2,8,6,2017-09-05,3.996666666666668
E0922,Product Engineering,70507.63,6.7,4.29,0,2022-10-06,160.7,35.6,3,4,5,1,32,7,2016-12-05,
E0923,Business Solution,81446.09,5.6,1.86,0,2024-08-11,126.4,25.4,4,2,4,3,23,2,2016-02-22,
E0924,Sales,71566.46,1.9,3.08,0,2022-08-10,166.2,18.9,2,6,5,3,17,3,2020-03-21,
E0925,TSS,57334.48,2.17,1.55,1,2023-10-25,169.5,26.8,1,4,4,1,14,6,2021-10-26,3.076666666666668
E0926,HR,66808.73,1.6,2.48,0,2024-05-21,171.8,25.9,3,4,3,3,17,2,2022-05-25,2.1633333333333344
E0927,GRCS,65277.01,1.19,1.18,1,2024-04-19,120.0,52.5,1,11,3,1,25,6,2019-07-04,2.3700000000000014
E0928,Customer Success,68563.07,2.6,3.77,0,2022-05-10,187.3,53.0,3,4,3,4,21,1,2017-12-31,1.736666666666668
E0929,HR,51635.0,1.7,3.72,0,2024-03-02,145.2,51.7,2,3,3,3,6,3,2020-11-07,2.476666666666668
E0930,Datazone,105191.38,1.26,3.84,1,2024-12-20,173.7,55.5,1,6,4,4,20,4,2025-02-09,2.890000000000001
E0931,Business Solution,73470.78,3.1,3.6,0,2021-07-06,174.8,34.8,2,2,3,3,49,3,2020-08-08,3.7766666666666677
E0932,Product Engineering,130284.26,3.6,1.5,0,2023-07-18,142.5,17.1,3,7,3,6,20,1,2018-07-06,3.720000000000001
E0933,GRCS,47390.75,3.5,3.89,0,2021-11-26,173.2,47.9,5,7,4,1,26,6,2017-12-29,2.980000000000001
E0934,Finance,71880.24,3.5,2.31,0,2024-08-09,152.3,54.7,1,2,4,3,32,3,2023-10-05,2.996666666666668
E0935,HR,85797.85,1.1,3.16,0,2021-06-11,120.0,43.5,3,4,3,5,8,4,2024-01-15,2.5666666666666678
E0936,TSS,52502.42,1.12,1.5,1,2020-11-15,183.4,44.2,1,6,4,2,45,6,2023-03-23,3.120000000000001
E0937,Product Engineering,86210.84,2.7,4.49,0,2022-08-19,144.5,19.8,5,5,2,3,48,2,2023-10-08,2.3233333333333346
E0938,Datazone,86586.17,4.8,2.53,0,2023-10-24,142.9,45.0,3,6,3,2,44,2,2020-07-13,3.050000000000001
E0939,Customer Success,71815.9,6.089999999999999,1.82,1,2023-03-04,151.9,14.0,1,8,1,5,29,2,2023-09-29,2.840000000000001
E0940,HR,54470.85,3.2,4.27,0,2024-08-07,165.4,51.2,3,8,1,0,17,1,2015-09-05,2.9466666666666677
E0941,GRCS,68756.44,4.0,2.42,0,2022-07-22,158.9,21.2,2,4,4,1,18,4,2016-10-24,2.8733333333333344
E0942,Customer Success,69334.6,1.0,4.07,0,2020-04-20,171.0,8.5,1,1,3,3,40,2,2021-12-21,2.836666666666668
E0943,Business Solution,70198.92,4.0,2.89,0,2022-09-08,133.2,58.8,3,4,4,3,18,4,2023-11-18,3.586666666666668
E0944,Finance,61602.56,7.4,2.66,0,2022-10-27,145.2,44.7,1,6,4,4,11,0,2023-01-23,3.1266666666666683
E0945,TSS,58618.05,1.6,1.65,0,2025-04-10,157.7,36.8,3,3,2,4,45,5,2019-05-18,3.2066666666666683
E0946,Datazone,85573.98,1.9,4.04,0,2025-03-19,198.0,33.5,3,4,4,4,12,0,2018-12-10,2.4000000000000012
E0947,Product Engineering,99407.16,4.3,4.65,0,2024-06-12,157.7,20.8,3,1,3,5,15,0,2025-03-16,2.783333333333335
E0948,Product Engineering,106167.92,2.7,3.0,0,2021-07-18,181.7,41.1,2,7,2,3,26,2,2021-04-14,3.4466666666666677
E0949,Customer Success,66248.68,0.6,4.35,0,2024-01-30,160.8,14.2,5,2,4,4,3,8,2016-02-10,3.8966666666666683
E0950,Customer Success,58103.24,1.3299999999999998,1.66,1,2024-11-11,150.3,10.2,2,11,4,0,3,3,2016-02-22,4.000000000000001
E0951,Customer Success,58438.82,5.8,3.21,0,2024-05-26,155.1,50.8,2,6,3,4,38,4,2020-01-26,3.0033333333333343
E0952,Finance,84396.55,2.2,2.3,0,2023-03-21,156.6,43.6,3,5,5,4,35,1,2023-09-14,3.073333333333334
E0953,Product Engineering,86728.37,2.2,4.02,0,2023-02-09,172.1,50.1,3,10,3,1,9,1,2023-04-16,2.390000000000001
E0954,Sales,84661.0,4.2,2.53,0,2024-12-22,187.5,62.6,1,7,5,5,43,2,2020-02-22,3.1766666666666676
E0955,Sales,71815.9,3.3,3.35,0,2024-11-26,167.2,12.9,3,5,3,2,40,3,2024-05-30,2.950000000000001
E0956,GRCS,54635.74,2.2,3.94,0,2023-06-28,183.7,36.4,2,4,2,2,4,4,2015-06-03,3.3000000000000007
E0957,TSS,62787.17,1.26,3.58,1,2024-02-26,140.7,25.3,2,13,3,3,20,4,2017-02-09,3.2733333333333348
E0958,Finance,72357.59,10.0,4.41,0,2023-01-07,151.7,39.5,4,4,2,4,15,2,2022-08-12,3.623333333333335
E0959,Marketing and Communications,74949.59,5.3,1.41,0,2021-11-20,145.5,21.0,3,3,3,4,29,6,2017-07-24,3.976666666666668
E0960,Datazone,96430.08,3.5,3.73,0,2022-04-24,166.3,47.7,3,1,4,2,5,4,2019-10-13,3.1333333333333346
E0961,Customer Success,57177.64,2.59,2.56,1,2025-02-22,152.8,44.4,2,9,3,1,39,4,2021-07-03,3.183333333333335
E0962,HR,61055.56,2.5,3.23,0,2023-07-16,174.6,35.2,5,5,2,5,40,4,2022-02-21,2.566666666666668
E0963,Sales,78569.98,3.2,3.62,0,2022-04-08,141.4,4.1,5,7,3,4,7,0,2021-07-04,3.1733333333333342
E0964,HR,61039.88,2.3,,0,2023-10-11,160.9,23.1,2,5,2,5,8,8,2016-01-20,3.136666666666668
E0965,Sales,74335.1,1.5,3.75,0,2020-08-26,173.7,61.3,2,2,4,3,32,3,2022-02-05,
E0966,Marketing and Communications,70895.82,3.3,2.36,0,2022-12-27,120.0,39.6,3,5,4,3,36,4,2016-02-25,
E0967,HR,59561.46,2.2,1.72,0,2024-04-21,200.0,52.1,3,9,5,2,33,5,2024-12-25,
E0968,GRCS,61425.77,3.4,3.93,0,2023-07-11,154.3,4.9,1,11,2,3,37,6,2024-11-03,2.6100000000000017
E0969,Sales,89466.5,3.8,4.01,0,2023-07-26,120.0,4.5,1,6,3,1,32,5,2018-08-05,2.6700000000000017
E0970,Customer Success,72730.97,3.5,4.15,0,2021-07-29,163.2,25.2,4,6,3,2,43,0,2021-06-13,3.220000000000001
E0971,Product Engineering,107846.02,0.98,2.24,1,2024-06-29,160.7,36.0,2,5,5,4,36,4,2024-09-10,4.030000000000001
E0972,Marketing and Communications,62647.77,2.0,4.37,0,2020-08-06,158.4,39.7,3,8,4,2,34,1,2020-03-11,3.4666666666666686
E0973,Finance,81150.54,2.2,3.68,0,2021-05-10,179.8,21.8,4,3,2,5,49,1,2016-07-13,3.5866666666666682
E0974,TSS,83129.18,3.22,3.23,1,2024-07-21,174.9,27.2,2,10,3,4,25,2,2021-11-08,3.4300000000000015
E0975,HR,47387.04,4.5,4.09,0,2023-02-08,166.0,8.0,4,7,4,2,44,2,2023-11-11,3.7600000000000016
E0976,Customer Success,78977.03,1.7,2.64,0,2021-02-18,169.0,31.5,3,6,4,4,32,3,2022-12-11,3.666666666666668
E0977,TSS,60237.04,1.1,2.51,0,2024-01-10,157.9,11.7,2,6,4,1,2,1,2024-08-20,3.3200000000000016
E0978,Sales,67114.49,8.9,3.35,0,2021-02-16,195.5,43.3,3,3,2,4,9,4,2020-01-16,3.0800000000000014
E0979,Customer Success,63797.86,3.4,,0,2024-10-03,130.4,26.9,3,7,5,2,38,1,2017-04-21,2.8333333333333344
E0980,PMO,76922.04,0.7,2.48,1,2024-03-02,162.8,42.5,3,6,2,7,29,4,2017-06-21,
E0981,Business Solution,89411.51,1.8,3.19,0,2020-05-30,161.3,18.0,2,4,5,3,38,2,2016-12-04,
E0982,Datazone,84251.64,3.29,2.93,1,2021-07-04,176.3,30.3,3,12,4,2,18,4,2021-12-25,
E0983,TSS,66899.11,5.39,,1,2023-10-08,143.1,18.1,2,8,4,6,22,3,2021-08-18,2.8666666666666685
E0984,Marketing and Communications,70098.38,7.0,4.29,0,2021-08-05,125.1,14.9,2,2,4,1,35,10,2021-01-19,
E0985,Sales,67751.59,3.4,2.56,0,2020-12-01,163.1,22.3,3,4,2,2,15,2,2024-10-09,
E0986,Marketing and Communications,69101.26,1.89,3.1,1,2024-04-10,165.6,15.0,2,5,1,4,7,2,2021-07-02,
E0987,Sales,71420.09,1.3,3.92,0,2022-07-15,189.8,45.3,3,9,2,7,13,4,2017-09-26,3.316666666666668
E0988,HR,60155.45,2.8,3.85,0,2023-02-28,134.6,27.2,4,6,2,5,42,4,2018-09-01,3.1933333333333347
E0989,Business Solution,77159.28,1.5,3.58,0,2023-08-30,183.1,22.1,3,3,3,2,36,6,2023-12-11,3.6233333333333344
E0990,Business Solution,77515.39,2.1,2.18,0,2020-12-18,200.0,29.0,3,7,3,4,16,1,2022-02-10,3.7833333333333345
E0991,Marketing and Communications,71915.88,4.3,,0,2023-01-28,152.4,20.6,4,5,4,5,41,3,2023-10-16,3.2033333333333345
E0992,HR,60079.3,2.3,1.12,0,2024-10-26,134.2,24.6,1,7,3,2,21,2,2015-12-20,
E0993,Customer Success,53661.89,2.2,3.05,0,2023-07-07,151.9,39.6,3,7,4,2,28,4,2016-01-20,
E0994,Sales,80651.6,2.6,3.53,0,2022-12-22,160.3,25.7,4,2,4,1,10,4,2015-12-11,
E0995,Datazone,78607.06,6.72,2.57,1,2024-06-07,171.3,24.4,2,9,3,1,19,3,2017-08-12,2.5666666666666678
E0996,Product Engineering,95128.41,1.2,,0,2024-11-18,148.2,46.7,3,3,3,3,17,4,2020-12-12,3.0500000000000007
E0997,Datazone,85177.48,3.2,3.57,0,2020-08-02,191.1,10.7,5,7,3,4,1,1,2023-05-05,
E0998,Product Engineering,91244.75,6.7,3.79,0,2020-11-11,137.7,18.7,3,5,4,2,13,2,2024-02-13,
E0999,Sales,82168.46,1.82,3.21,1,2022-04-12,125.2,21.9,2,10,3,1,36,3,2023-01-21,
